id,first_name,last_name,email,Address,Currency,Department,Rating
1,Priscilla,Willox,pwillox0@reuters.com,5421 Onsgard Lane,EUR,Tools,1
2,Natty,Barge,nbarge1@bandcamp.com,4234 Buhler Road,MVR,Computers,7
3,Quinton,Tewelson,qtewelson2@samsung.com,2452 Vidon Place,CNY,Jewelry,1
4,Patrica,Deneve,pdeneve3@bloglines.com,07 Fieldstone Circle,BRL,Toys,3
5,Read,Casotti,rcasotti4@hibu.com,62725 Boyd Way,XOF,Computers,6
6,Robers,Mincher,rmincher5@1688.com,32666 Anniversary Parkway,EUR,Movies,5
7,Leonid,Fairbeard,lfairbeard6@printfriendly.com,86815 Pond Hill,LTL,Beauty,1
8,Sasha,McIlraith,smcilraith7@google.es,59074 Shopko Lane,PLN,Kids,6
9,Bertha,Caen,bcaen8@miibeian.gov.cn,20455 Park Meadow Lane,VND,Home,10
10,Kelcy,Woolfoot,kwoolfoot9@webmd.com,75713 Nevada Trail,UAH,Movies,10
11,Joeann,Salling,jsallinga@scientificamerican.com,852 Tennessee Terrace,COP,Home,10
12,Brittne,Worsnip,bworsnipb@ehow.com,96 Mariners Cove Drive,EUR,Home,8
13,Rudolf,Origan,roriganc@wordpress.com,5169 Kings Center,RUB,Games,6
14,Charmaine,Greedyer,cgreedyerd@mit.edu,976 Merchant Place,IDR,Home,9
15,Dyann,Gilbert,dgilberte@sciencedirect.com,01 Mcguire Hill,CAD,Jewelry,5
16,Cordelie,Ashfull,cashfullf@icio.us,668 Roth Point,EUR,Garden,7
17,Gay,Fyrth,gfyrthg@google.cn,1877 Esch Avenue,EUR,Baby,8
18,Henri,Haborn,hhabornh@dyndns.org,70 Beilfuss Road,IDR,Toys,1
19,Mace,Beech,mbeechi@nhs.uk,079 Utah Junction,AFN,Industrial,4
20,Eb,Morrid,emorridj@comsenz.com,7802 Hazelcrest Plaza,ZMW,Outdoors,10
21,Gaby,Bury,gburyk@abc.net.au,029 Monterey Junction,COP,Beauty,1
22,Melisent,Fearby,mfearbyl@qq.com,2 Oak Junction,EUR,Music,10
23,Martica,Perell,mperellm@apache.org,5 Sheridan Street,CZK,Beauty,7
24,Lane,Crosser,lcrossern@microsoft.com,6498 Ronald Regan Place,CNY,Electronics,8
25,Hunt,Northey,hnortheyo@ucoz.ru,25983 Melrose Street,MDL,Shoes,4
26,Sabine,Divina,sdivinap@examiner.com,17723 Everett Place,IDR,Garden,1
27,Chrisse,McClary,cmcclaryq@scientificamerican.com,14 Mifflin Plaza,CNY,Music,1
28,Gilberta,McEttigen,gmcettigenr@answers.com,572 Scoville Trail,CZK,Home,7
29,Justis,Shearsby,jshearsbys@ucsd.edu,548 Fremont Park,PLN,Computers,2
30,Benedikta,Jurgen,bjurgent@infoseek.co.jp,3 Namekagon Drive,VND,Jewelry,9
31,Costanza,Brackenbury,cbrackenburyu@goo.ne.jp,50 Welch Plaza,VEF,Garden,6
32,Charmine,De Caville,cdecavillev@weather.com,9888 5th Center,RUB,Health,4
33,Bo,Lawtie,blawtiew@unc.edu,8 Almo Drive,CNY,Clothing,4
34,Nanon,Slowley,nslowleyx@mysql.com,86617 International Pass,EUR,Automotive,5
35,Reid,Bleas,rbleasy@bloglines.com,5604 Brown Way,PLN,Beauty,1
36,Asia,Musson,amussonz@addthis.com,81 Sommers Drive,PHP,Industrial,7
37,Pavia,Chastagnier,pchastagnier10@cnet.com,3164 Lyons Court,CNY,Jewelry,2
38,Shalom,Echelle,sechelle11@live.com,4697 Meadow Vale Road,UZS,Shoes,6
39,Marylynne,Keggins,mkeggins12@wikispaces.com,7636 Paget Point,JPY,Shoes,10
40,Kevon,Restall,krestall13@fda.gov,024 Talmadge Terrace,CNY,Outdoors,4
41,Sherlock,Commander,scommander14@zimbio.com,0068 Killdeer Way,MYR,Kids,10
42,Tabatha,Silly,tsilly15@bluehost.com,3522 Haas Parkway,PHP,Beauty,4
43,Reuven,Wisdish,rwisdish16@nydailynews.com,12149 Talisman Parkway,COP,Automotive,1
44,Butch,Dungey,bdungey17@bloglovin.com,31 Huxley Hill,ARS,Automotive,2
45,Vinny,Kemer,vkemer18@elpais.com,91525 Loomis Center,EUR,Sports,7
46,Gherardo,Phil,gphil19@angelfire.com,10092 Armistice Point,BRL,Electronics,8
47,Warren,Mechell,wmechell1a@wunderground.com,1266 Menomonie Drive,PHP,Movies,7
48,Reamonn,Thistleton,rthistleton1b@wired.com,14605 Straubel Terrace,EUR,Movies,9
49,Christiana,Kinver,ckinver1c@slashdot.org,8651 Darwin Trail,IDR,Beauty,7
50,Jorge,Leonards,jleonards1d@barnesandnoble.com,1 Knutson Alley,RUB,Music,5
51,Yanaton,Piggin,ypiggin1e@reference.com,336 Forest Run Junction,CZK,Clothing,5
52,Zacherie,Free,zfree1f@senate.gov,655 Veith Pass,CNY,Industrial,5
53,Sarajane,McKeggie,smckeggie1g@foxnews.com,044 Twin Pines Street,EUR,Baby,2
54,Kanya,Sang,ksang1h@yellowpages.com,7523 Prentice Crossing,IDR,Computers,8
55,Adams,Worpole,aworpole1i@hugedomains.com,5 Moland Way,PHP,Tools,10
56,Hestia,Pointon,hpointon1j@apple.com,80 Kings Plaza,RUB,Kids,9
57,Orel,Bartol,obartol1k@bizjournals.com,188 Brentwood Avenue,JPY,Games,6
58,Dynah,Morales,dmorales1l@epa.gov,52 Butterfield Avenue,LKR,Electronics,9
59,Parrnell,Chilcotte,pchilcotte1m@shinystat.com,0255 Londonderry Park,USD,Garden,4
60,Des,Dedrick,ddedrick1n@so-net.ne.jp,83526 Heffernan Street,XOF,Games,3
61,Breena,Crone,bcrone1o@quantcast.com,69230 Bartelt Avenue,NGN,Movies,8
62,Terencio,Bockmann,tbockmann1p@globo.com,4572 Heffernan Center,PEN,Movies,1
63,Montgomery,Teulier,mteulier1q@elegantthemes.com,2 American Ash Place,PHP,Jewelry,8
64,Kermie,Ghiotto,kghiotto1r@youku.com,9 Melby Hill,IDR,Books,4
65,Leeanne,Goldine,lgoldine1s@hexun.com,186 Northview Point,CAD,Tools,8
66,Janel,Gregersen,jgregersen1t@harvard.edu,54 Cambridge Avenue,NGN,Health,9
67,Lonnie,Buzza,lbuzza1u@free.fr,44 Clove Street,PHP,Garden,6
68,Malanie,Kowal,mkowal1v@sakura.ne.jp,8887 Weeping Birch Road,RUB,Garden,6
69,Koressa,Stubbes,kstubbes1w@upenn.edu,74693 2nd Avenue,IDR,Home,8
70,Lyle,Chason,lchason1x@wunderground.com,75996 Eggendart Plaza,CNY,Beauty,1
71,Alejoa,Taphouse,ataphouse1y@usda.gov,221 Sundown Circle,MNT,Shoes,7
72,Alec,Davidy,adavidy1z@patch.com,2 Bartelt Plaza,USD,Baby,4
73,Amelita,Pargiter,apargiter20@aol.com,89 Randy Hill,BRL,Tools,9
74,Antonio,Duker,aduker21@free.fr,651 Swallow Plaza,ILS,Beauty,7
75,Audrie,Gregine,agregine22@ocn.ne.jp,94944 Loftsgordon Trail,DOP,Health,10
76,Dimitry,Mathely,dmathely23@si.edu,1 Bayside Park,KZT,Health,7
77,Jervis,Clemendot,jclemendot24@t.co,3 Leroy Avenue,ZAR,Industrial,4
78,Earlie,Faucherand,efaucherand25@newsvine.com,16 Northwestern Crossing,KPW,Jewelry,7
79,Eloise,Pezey,epezey26@purevolume.com,36038 Lien Alley,CNY,Shoes,3
80,Ari,Bradford,abradford27@technorati.com,03355 Rigney Avenue,RSD,Games,3
81,Belle,Seymer,bseymer28@com.com,637 Dakota Alley,BRL,Tools,5
82,Vivie,Barnsley,vbarnsley29@tuttocitta.it,40914 Mockingbird Center,CNY,Movies,8
83,Rory,Ackermann,rackermann2a@symantec.com,4452 Old Gate Way,PLN,Music,9
84,Agneta,Wingfield,awingfield2b@tiny.cc,2 Crescent Oaks Park,BRL,Outdoors,3
85,Johnny,Maun,jmaun2c@hubpages.com,34247 Mendota Park,BRL,Health,1
86,Petronilla,Lismore,plismore2d@wikispaces.com,32000 2nd Street,BRL,Toys,7
87,Gamaliel,Waleran,gwaleran2e@purevolume.com,57308 Loeprich Center,EUR,Music,6
88,Angelia,McEnhill,amcenhill2f@list-manage.com,2 Truax Pass,ILS,Shoes,10
89,Madison,Houseley,mhouseley2g@scribd.com,446 Corben Center,BRL,Sports,5
90,Kaleena,Dearing,kdearing2h@redcross.org,68306 Mesta Center,EUR,Toys,7
91,Vito,Curtiss,vcurtiss2i@rakuten.co.jp,5 Cody Lane,EUR,Games,9
92,Juliet,Shaw,jshaw2j@oaic.gov.au,82 Forest Run Court,MXN,Shoes,7
93,Jacob,Averies,javeries2k@so-net.ne.jp,24533 Prairie Rose Court,SEK,Grocery,10
94,Chaddy,Hallut,challut2l@nyu.edu,5 Warrior Trail,RSD,Music,8
95,Shea,Vannah,svannah2m@mapy.cz,045 Duke Crossing,BWP,Beauty,8
96,Inessa,Gorey,igorey2n@wix.com,6 Messerschmidt Hill,THB,Industrial,5
97,Auguste,MacGuffie,amacguffie2o@baidu.com,84 Oriole Park,CNY,Movies,1
98,Cedric,Drysdall,cdrysdall2p@home.pl,2867 Helena Court,EUR,Toys,2
99,Slade,Brimmell,sbrimmell2q@businessinsider.com,4497 Springview Plaza,PLN,Beauty,3
100,Henrietta,Orleton,horleton2r@goo.ne.jp,02723 Quincy Alley,CNY,Books,2
101,Demetria,Girardey,dgirardey2s@about.me,51 Messerschmidt Street,CAD,Garden,4
102,Bartholemy,Philpault,bphilpault2t@freewebs.com,5 Hooker Way,IDR,Games,3
103,Lindi,Bim,lbim2u@globo.com,04 Manitowish Street,IDR,Clothing,7
104,Trudie,Liversidge,tliversidge2v@mayoclinic.com,1 Farmco Crossing,COP,Health,1
105,Andras,MacColm,amaccolm2w@utexas.edu,2237 Lotheville Crossing,IRR,Toys,2
106,Frazier,Consterdine,fconsterdine2x@wikispaces.com,85519 Stephen Point,EUR,Beauty,6
107,Maisey,Bavin,mbavin2y@imgur.com,904 Mifflin Point,AZN,Baby,9
108,Rona,Hammett,rhammett2z@phoca.cz,1 Welch Junction,PLN,Electronics,10
109,Michel,Allott,mallott30@rakuten.co.jp,145 Leroy Terrace,BOB,Games,9
110,Rosalie,Birdis,rbirdis31@shareasale.com,24 Merchant Hill,CNY,Tools,3
111,Minnnie,McMonies,mmcmonies32@ehow.com,18250 Haas Pass,TND,Grocery,7
112,Lyndsey,Rosa,lrosa33@mlb.com,92 Swallow Circle,EUR,Health,9
113,Darbie,Korneluk,dkorneluk34@kickstarter.com,150 Maywood Pass,EUR,Books,1
114,Maryann,Barends,mbarends35@taobao.com,703 Morrow Parkway,LTL,Industrial,6
115,Meg,Simak,msimak36@google.ru,9 Stuart Circle,RUB,Toys,9
116,Dehlia,Somerled,dsomerled37@meetup.com,907 Ryan Trail,EUR,Kids,8
117,Rustin,Chmiel,rchmiel38@unicef.org,7 Hanover Drive,CNY,Movies,3
118,Giselle,Duding,gduding39@clickbank.net,34755 Stephen Plaza,NGN,Automotive,1
119,Gabby,Greder,ggreder3a@histats.com,750 Dayton Alley,NIO,Grocery,2
120,Jessie,Seiter,jseiter3b@theguardian.com,497 Hooker Avenue,EUR,Automotive,6
121,Zorina,Tillard,ztillard3c@pbs.org,97244 Summit Avenue,PYG,Garden,4
122,Parnell,Jerdon,pjerdon3d@wordpress.org,1 Hooker Terrace,RUB,Music,10
123,Bronson,Scarsbrooke,bscarsbrooke3e@narod.ru,3557 Westport Lane,CNY,Shoes,8
124,Caroljean,Blandamere,cblandamere3f@51.la,6 Katie Center,MXN,Clothing,3
125,Em,Abrehart,eabrehart3g@rakuten.co.jp,230 Vera Hill,IDR,Baby,7
126,Gerik,Whitty,gwhitty3h@tiny.cc,7166 Scott Park,USD,Shoes,4
127,Hillard,Bonnett,hbonnett3i@wikipedia.org,0 Fulton Way,CUP,Garden,2
128,Ginger,Pember,gpember3j@github.io,09 Fieldstone Street,RUB,Clothing,2
129,Louisette,Chancelier,lchancelier3k@google.it,91803 Corry Avenue,PLN,Games,1
130,Nara,Brabin,nbrabin3l@rakuten.co.jp,3 Tony Way,IDR,Industrial,3
131,Sanderson,MacGaffey,smacgaffey3m@goo.gl,1 Bayside Park,MKD,Baby,9
132,Abe,Brayshaw,abrayshaw3n@nih.gov,4536 Sage Center,CNY,Jewelry,10
133,Teriann,Finlay,tfinlay3o@google.fr,05582 Continental Place,THB,Automotive,10
134,Inglis,Shotboulte,ishotboulte3p@npr.org,48 Morrow Avenue,CNY,Beauty,4
135,Virge,Maginn,vmaginn3q@hao123.com,07597 Miller Court,BDT,Beauty,7
136,Karalee,Uzielli,kuzielli3r@tumblr.com,73896 Hazelcrest Court,EUR,Garden,10
137,Ros,Jahnke,rjahnke3s@usgs.gov,3 Green Park,PEN,Jewelry,5
138,Fey,Middiff,fmiddiff3t@ibm.com,31900 Butternut Lane,NGN,Books,1
139,Herman,Liepina,hliepina3u@ebay.co.uk,91968 Mendota Place,ARS,Automotive,2
140,Pierce,Robins,probins3v@auda.org.au,987 7th Alley,EUR,Sports,1
141,Ricardo,Dybald,rdybald3w@netscape.com,69533 La Follette Park,USD,Games,1
142,Burton,Pettit,bpettit3x@w3.org,5246 Ridge Oak Place,IDR,Shoes,1
143,Bert,Fitzpayn,bfitzpayn3y@etsy.com,99780 Jenna Terrace,CNY,Sports,4
144,Jolene,Blueman,jblueman3z@vistaprint.com,67 Crescent Oaks Point,CNY,Books,7
145,Marley,Oliphand,moliphand40@4shared.com,19810 Mallard Pass,SEK,Computers,9
146,Evanne,Cleary,ecleary41@symantec.com,9 Westend Trail,EUR,Books,9
147,Goddart,Gierck,ggierck42@themeforest.net,902 Burning Wood Drive,IDR,Tools,1
148,Bowie,Leatherborrow,bleatherborrow43@shareasale.com,491 Vera Way,ZAR,Jewelry,5
149,Fannie,Shackle,fshackle44@storify.com,27237 Monterey Crossing,JPY,Computers,10
150,Nelli,Keoghan,nkeoghan45@nhs.uk,97 Grim Parkway,SYP,Garden,3
151,Hilton,Sall,hsall46@goo.gl,936 Shoshone Trail,CNY,Automotive,8
152,Isaac,McConway,imcconway47@imdb.com,262 Iowa Hill,BRL,Health,4
153,Barnaby,Bromwich,bbromwich48@independent.co.uk,35 Springs Trail,HNL,Sports,5
154,Rockey,Scopham,rscopham49@fda.gov,0255 Morning Way,CNY,Toys,8
155,Isahella,Terrans,iterrans4a@reuters.com,2623 Jenna Street,PEN,Tools,6
156,Charmaine,Hawtin,chawtin4b@addtoany.com,15 Hoard Avenue,PHP,Movies,4
157,Jolie,Harkins,jharkins4c@indiatimes.com,84 Heath Drive,THB,Garden,3
158,Stearne,Indge,sindge4d@free.fr,88 Westport Trail,EUR,Jewelry,1
159,Conroy,Brinsden,cbrinsden4e@va.gov,1 Gateway Junction,NIO,Garden,7
160,Doralia,Cable,dcable4f@admin.ch,85170 Cambridge Park,CNY,Movies,6
161,Ira,Lusted,ilusted4g@homestead.com,0 Hagan Avenue,EUR,Home,5
162,Avis,Gauson,agauson4h@goodreads.com,2 Clyde Gallagher Road,SEK,Books,3
163,Vasilis,Venneur,vvenneur4i@aboutads.info,4 Nelson Center,IDR,Kids,5
164,Otto,Garth,ogarth4j@freewebs.com,9797 Hoepker Road,CNY,Tools,4
165,Kelly,Divill,kdivill4k@quantcast.com,68595 Nancy Pass,EUR,Electronics,9
166,Dierdre,Probbings,dprobbings4l@ca.gov,033 Fuller Center,ARS,Clothing,2
167,Kelcie,Luigi,kluigi4m@prnewswire.com,99 Upham Junction,PHP,Electronics,6
168,Caitrin,Yole,cyole4n@mozilla.com,89 Loomis Crossing,NIO,Electronics,2
169,Waylon,McNeilley,wmcneilley4o@trellian.com,115 Kensington Point,SEK,Movies,6
170,Bartholemy,Durban,bdurban4p@amazonaws.com,90247 Merry Park,PHP,Sports,4
171,Angel,Eborn,aeborn4q@washington.edu,1 Lillian Alley,IDR,Shoes,10
172,Jeno,Lauks,jlauks4r@miitbeian.gov.cn,38 Dovetail Circle,IDR,Tools,9
173,Tomkin,Basill,tbasill4s@auda.org.au,35 Macpherson Terrace,COP,Jewelry,7
174,Fernando,Yonnie,fyonnie4t@lycos.com,4340 Green Ridge Center,EUR,Computers,4
175,Ranna,Kirkness,rkirkness4u@oakley.com,26629 Schlimgen Street,EUR,Health,3
176,Opal,Beyer,obeyer4v@cocolog-nifty.com,8824 Prentice Point,CNY,Movies,2
177,Land,de Bullion,ldebullion4w@chron.com,21 Elka Parkway,CNY,Grocery,5
178,Ansell,Habbijam,ahabbijam4x@reference.com,13210 Carey Lane,IDR,Movies,5
179,Corry,Brownell,cbrownell4y@cbsnews.com,85001 Hansons Road,AFN,Jewelry,8
180,Ki,Stoyell,kstoyell4z@feedburner.com,7481 Oriole Road,NGN,Sports,7
181,Donal,Furlong,dfurlong50@simplemachines.org,3707 Pennsylvania Crossing,PLN,Computers,6
182,Victoria,McGiveen,vmcgiveen51@woothemes.com,886 Cambridge Road,CNY,Electronics,8
183,Nolan,Ellaway,nellaway52@devhub.com,27887 Milwaukee Circle,UAH,Garden,6
184,Merle,Redmile,mredmile53@webmd.com,11322 Glendale Terrace,PHP,Books,7
185,Ed,Mourbey,emourbey54@so-net.ne.jp,0489 Doe Crossing Parkway,IDR,Kids,5
186,Evangeline,Antonovic,eantonovic55@fda.gov,180 Monica Drive,BDT,Baby,3
187,Welbie,Henaughan,whenaughan56@multiply.com,41 Maple Wood Lane,ARS,Health,4
188,Marsha,Maskew,mmaskew57@sphinn.com,3127 Coleman Hill,BDT,Health,5
189,Casper,Frisel,cfrisel58@flavors.me,7015 Jana Junction,RUB,Books,9
190,Izak,Kilbane,ikilbane59@ca.gov,6 Lunder Hill,PHP,Industrial,7
191,Kaycee,Derell,kderell5a@upenn.edu,318 Toban Point,RUB,Health,2
192,Rey,Pedlar,rpedlar5b@disqus.com,5638 Westend Lane,PLN,Grocery,2
193,Paul,Beves,pbeves5c@mit.edu,59793 Hayes Way,CNY,Toys,8
194,Lucina,Grumley,lgrumley5d@imgur.com,3948 Tennyson Junction,VND,Books,6
195,Gavin,Guilder,gguilder5e@desdev.cn,774 Washington Point,ILS,Industrial,3
196,Ruby,Brunger,rbrunger5f@umn.edu,3396 Nelson Point,CNY,Kids,10
197,Kingsly,Aubri,kaubri5g@umn.edu,97133 Milwaukee Terrace,GTQ,Books,1
198,Amby,Blackster,ablackster5h@nyu.edu,3 Dorton Way,CNY,Jewelry,2
199,Devan,Spearing,dspearing5i@webs.com,6 Charing Cross Pass,IDR,Books,6
200,Clarence,Deacock,cdeacock5j@hostgator.com,30 Transport Trail,NAD,Movies,3
201,Jeremiah,Olliver,jolliver5k@gov.uk,51 Eggendart Avenue,CNY,Home,4
202,Elvis,Baumler,ebaumler5l@ox.ac.uk,5175 Clyde Gallagher Lane,CNY,Kids,3
203,Petronille,Buggs,pbuggs5m@sphinn.com,6 Linden Crossing,IDR,Computers,3
204,Edd,Altamirano,ealtamirano5n@tiny.cc,6416 Sauthoff Center,CNY,Tools,3
205,Hugues,Mellor,hmellor5o@hhs.gov,55576 Graedel Hill,MDL,Tools,10
206,Annetta,Bailie,abailie5p@indiatimes.com,56 Ludington Way,IDR,Tools,2
207,Hughie,Gallehock,hgallehock5q@nytimes.com,2 Harper Place,JMD,Shoes,4
208,Angie,Gonet,agonet5r@mashable.com,01294 Farragut Hill,CNY,Games,4
209,Charmane,Wormleighton,cwormleighton5s@newyorker.com,783 Rockefeller Trail,CNY,Health,6
210,Gregor,Blowne,gblowne5t@unicef.org,13 East Place,MXN,Clothing,9
211,Xenos,Risby,xrisby5u@soundcloud.com,74000 Sachs Terrace,RUB,Games,5
212,Bill,Puddefoot,bpuddefoot5v@deliciousdays.com,682 Hayes Center,CNY,Jewelry,7
213,Bailie,Dauber,bdauber5w@bluehost.com,09942 Dwight Road,CNY,Industrial,6
214,Janaya,Buten,jbuten5x@mozilla.com,3586 Karstens Trail,SEK,Toys,2
215,Robinet,Brideau,rbrideau5y@oaic.gov.au,56 Dahle Center,LTL,Kids,7
216,Bernetta,Symcoxe,bsymcoxe5z@miibeian.gov.cn,69840 Lerdahl Circle,CAD,Jewelry,9
217,Berkie,Grimestone,bgrimestone60@prweb.com,0 Sloan Road,USD,Kids,2
218,Ianthe,Finlaison,ifinlaison61@flickr.com,0 Blue Bill Park Center,GTQ,Sports,6
219,Mathew,Jolliffe,mjolliffe62@wordpress.org,70152 Randy Way,RUB,Kids,8
220,Neville,Steffans,nsteffans63@privacy.gov.au,48 Hovde Street,GBP,Movies,3
221,Garrott,Sowood,gsowood64@miitbeian.gov.cn,5 Texas Circle,HNL,Computers,7
222,Kira,Jaslem,kjaslem65@reference.com,5 Clarendon Way,EUR,Garden,2
223,Luca,Stemp,lstemp66@fc2.com,48 Troy Junction,CNY,Sports,7
224,Deck,Sines,dsines67@hhs.gov,71 Moose Crossing,IDR,Automotive,6
225,Fallon,Morales,fmorales68@vistaprint.com,60651 Hauk Hill,CNY,Industrial,6
226,Donal,Gansbuhler,dgansbuhler69@dedecms.com,4 Grayhawk Lane,BRL,Toys,3
227,Darcie,Beard,dbeard6a@dmoz.org,5125 Monterey Point,CNY,Home,5
228,Kristoffer,Chard,kchard6b@apple.com,5450 Gulseth Park,CNY,Books,6
229,Hastings,Marples,hmarples6c@va.gov,8 Toban Center,PHP,Industrial,9
230,Emilio,Vondra,evondra6d@samsung.com,1224 Weeping Birch Center,UYU,Health,6
231,Cate,Wroe,cwroe6e@cpanel.net,005 Mariners Cove Trail,NGN,Music,6
232,Ophelie,Offield,ooffield6f@bandcamp.com,85433 Fordem Circle,UAH,Movies,8
233,Colan,Luno,cluno6g@huffingtonpost.com,2744 Aberg Terrace,KMF,Jewelry,9
234,Dulcea,McCathay,dmccathay6h@weebly.com,86 Pankratz Crossing,SEK,Toys,3
235,Clifford,Abisetti,cabisetti6i@issuu.com,62 Tennyson Junction,CNY,Industrial,1
236,Marne,Puddefoot,mpuddefoot6j@indiatimes.com,7904 Pankratz Park,RUB,Automotive,6
237,Gerianna,Cowlishaw,gcowlishaw6k@blogtalkradio.com,078 Warbler Trail,CNY,Baby,7
238,Veronica,Trenaman,vtrenaman6l@purevolume.com,3 Saint Paul Point,JPY,Clothing,10
239,Cyrillus,Ryton,cryton6m@sfgate.com,78 Steensland Lane,CNY,Books,1
240,Alexandros,Veazey,aveazey6n@symantec.com,846 Hollow Ridge Point,UAH,Automotive,10
241,Hubert,Hammelberg,hhammelberg6o@eepurl.com,3 Continental Crossing,CNY,Kids,5
242,Krissie,Cahn,kcahn6p@w3.org,9202 Mcbride Crossing,BRL,Beauty,6
243,Paulo,Paulson,ppaulson6q@miibeian.gov.cn,92 Sutherland Hill,SZL,Grocery,3
244,Roldan,Lambourne,rlambourne6r@apple.com,83763 Paget Place,IDR,Baby,2
245,Marnie,Edelman,medelman6s@huffingtonpost.com,888 Beilfuss Point,IDR,Toys,2
246,Wynn,Reast,wreast6t@bbb.org,6582 Sage Court,YER,Games,7
247,Jobi,Nannetti,jnannetti6u@last.fm,5652 7th Court,EUR,Jewelry,9
248,Bryce,Kibbel,bkibbel6v@nba.com,07 Everett Trail,RUB,Shoes,2
249,Baudoin,Regorz,bregorz6w@fotki.com,7 Marcy Street,KRW,Automotive,10
250,Donica,Caddick,dcaddick6x@hp.com,8152 Caliangt Park,PLN,Kids,8
251,Dasi,Vanes,dvanes6y@acquirethisname.com,5 Merry Court,EUR,Jewelry,10
252,Alicia,Aleswell,aaleswell6z@senate.gov,818 Boyd Park,BSD,Home,7
253,Danielle,Mackriell,dmackriell70@ebay.com,650 Acker Alley,USD,Garden,7
254,Cherey,Hune,chune71@whitehouse.gov,380 Prairie Rose Avenue,EUR,Games,7
255,Garrett,Dowrey,gdowrey72@skype.com,38730 Declaration Alley,PEN,Jewelry,10
256,Ilsa,Leary,ileary73@vkontakte.ru,82 Coolidge Center,BDT,Shoes,1
257,Gunther,Trickett,gtrickett74@123-reg.co.uk,9033 Mockingbird Terrace,RUB,Health,4
258,Galvin,Loade,gloade75@booking.com,566 Continental Drive,IDR,Tools,6
259,Andros,Veeler,aveeler76@comcast.net,8 High Crossing Road,CNY,Industrial,2
260,Vinita,Ostridge,vostridge77@deliciousdays.com,8124 Fairfield Center,EUR,Electronics,4
261,Gretchen,Klesse,gklesse78@spiegel.de,38103 Algoma Road,PLN,Kids,3
262,Laney,MacAlester,lmacalester79@eventbrite.com,6536 Grover Street,CNY,Computers,1
263,Farrah,Gytesham,fgytesham7a@flavors.me,0 Weeping Birch Terrace,CZK,Books,3
264,Suzie,Rainon,srainon7b@dropbox.com,3 Cambridge Center,EUR,Garden,5
265,Hyatt,Mattheis,hmattheis7c@dyndns.org,2 Meadow Ridge Pass,IDR,Computers,4
266,Goldarina,Maidment,gmaidment7d@guardian.co.uk,2868 Holmberg Avenue,EUR,Grocery,8
267,Ely,Ville,eville7e@deliciousdays.com,967 Fordem Crossing,YER,Jewelry,5
268,Pierre,Danev,pdanev7f@addtoany.com,2 Cody Center,IDR,Grocery,8
269,Adan,Urien,aurien7g@wiley.com,71527 Thompson Trail,EUR,Home,2
270,Gustavus,Foale,gfoale7h@w3.org,35314 6th Pass,SYP,Computers,1
271,Fowler,Yeldon,fyeldon7i@mit.edu,99297 Nelson Road,CZK,Shoes,2
272,Helen-elizabeth,Cobleigh,hcobleigh7j@un.org,4 Dawn Pass,EUR,Clothing,6
273,Juan,Malden,jmalden7k@simplemachines.org,112 Sugar Park,IDR,Kids,10
274,Flin,Do,fdo7l@vk.com,023 Toban Pass,RUB,Electronics,8
275,Leola,Gayforth,lgayforth7m@nba.com,97696 Bayside Hill,IDR,Electronics,8
276,Roddy,Yeskov,ryeskov7n@plala.or.jp,832 Mallard Alley,JPY,Sports,8
277,Florella,Filippucci,ffilippucci7o@paginegialle.it,3 Vera Avenue,IDR,Outdoors,3
278,Ferdy,Sweett,fsweett7p@washingtonpost.com,3 Lukken Drive,RSD,Automotive,7
279,Marjory,Jordon,mjordon7q@walmart.com,439 Sloan Parkway,EUR,Beauty,10
280,Traci,Reaveley,treaveley7r@dmoz.org,71530 Novick Place,ARS,Garden,6
281,Nickolai,Faro,nfaro7s@sciencedaily.com,3 Dottie Street,CNY,Music,5
282,Clevey,St. Aubyn,cstaubyn7t@xing.com,98906 Corscot Drive,EUR,Health,2
283,Mara,Lithgow,mlithgow7u@cam.ac.uk,57131 Loomis Drive,IDR,Clothing,4
284,Jules,Mugridge,jmugridge7v@imgur.com,753 Manley Way,AZN,Movies,5
285,Barnebas,Josipovic,bjosipovic7w@usgs.gov,28 Crownhardt Alley,BRL,Music,10
286,Yuri,Shelford,yshelford7x@linkedin.com,817 Sherman Center,SEK,Home,1
287,Balduin,Kohring,bkohring7y@dagondesign.com,0 Main Way,AMD,Baby,1
288,Gus,Renihan,grenihan7z@businesswire.com,2 Graedel Road,AMD,Sports,4
289,Dwain,Raper,draper80@nature.com,1312 Lyons Junction,EUR,Sports,5
290,Quill,Lawton,qlawton81@alexa.com,9704 Sutteridge Alley,PHP,Baby,2
291,Corie,Scarlon,cscarlon82@hud.gov,80620 Fair Oaks Street,IDR,Sports,4
292,Kailey,Josefovic,kjosefovic83@marketwatch.com,7577 Marcy Court,THB,Sports,7
293,Sammy,Bourdis,sbourdis84@imdb.com,9789 Caliangt Way,BRL,Home,10
294,Annabela,Bendare,abendare85@mediafire.com,33 Jackson Trail,IDR,Shoes,7
295,Armin,Breton,abreton86@who.int,1 Waywood Plaza,EUR,Home,10
296,Roze,O'Glassane,roglassane87@admin.ch,1111 Meadow Ridge Circle,KRW,Games,1
297,Blinny,Butterick,bbutterick88@usda.gov,37 Washington Terrace,RUB,Industrial,8
298,Addison,Pegler,apegler89@ted.com,0501 Scofield Lane,CNY,Baby,5
299,Irene,Martusewicz,imartusewicz8a@theguardian.com,47 Fair Oaks Hill,CZK,Sports,4
300,Rochell,Hiseman,rhiseman8b@parallels.com,73640 Mosinee Terrace,MAD,Movies,3
301,Shaina,Weathers,sweathers8c@liveinternet.ru,02 Lawn Street,CNY,Shoes,6
302,Oliviero,Penhalurick,openhalurick8d@ca.gov,0 Meadow Vale Circle,PEN,Games,6
303,Rachelle,Bayless,rbayless8e@twitpic.com,03025 Anhalt Pass,PEN,Electronics,10
304,Danny,McCathie,dmccathie8f@php.net,1735 Maple Wood Pass,RUB,Beauty,3
305,Ginni,Lancetter,glancetter8g@weather.com,8664 Oak Valley Circle,NGN,Baby,2
306,Augustus,Berriball,aberriball8h@fastcompany.com,13808 Delaware Park,CNY,Toys,6
307,Barbra,Leys,bleys8i@github.io,0768 Bellgrove Court,THB,Kids,10
308,Alica,Royste,aroyste8j@cmu.edu,7516 Anzinger Point,PLN,Books,10
309,Kristoffer,Sworn,ksworn8k@mit.edu,0681 Helena Pass,EUR,Games,7
310,Filberto,Priddle,fpriddle8l@nhs.uk,46 Prentice Hill,PHP,Computers,4
311,Tremain,Mannagh,tmannagh8m@cpanel.net,66251 Corry Alley,BRL,Industrial,4
312,Schuyler,Beet,sbeet8n@prweb.com,97974 Loeprich Road,IDR,Books,4
313,Flor,Poinsett,fpoinsett8o@time.com,92489 Carberry Court,DOP,Movies,3
314,Abramo,Keems,akeems8p@reddit.com,98994 Utah Court,CNY,Jewelry,7
315,Petey,Drinkhall,pdrinkhall8q@histats.com,11057 Harbort Terrace,IDR,Health,7
316,Cathi,Mowsley,cmowsley8r@twitter.com,4362 Sunnyside Way,UAH,Sports,5
317,Corine,Swine,cswine8s@merriam-webster.com,5829 Golf Course Circle,ARS,Automotive,1
318,Libbie,Rowntree,lrowntree8t@ameblo.jp,306 Kedzie Terrace,UAH,Automotive,8
319,Eachelle,Olyfat,eolyfat8u@geocities.jp,5085 Hanson Alley,CNY,Music,4
320,Glenn,Poulter,gpoulter8v@salon.com,946 Helena Pass,SEK,Garden,3
321,Neysa,Inglis,ninglis8w@sina.com.cn,7321 Union Alley,CNY,Movies,10
322,Bibbye,Fishburn,bfishburn8x@1und1.de,60 Bowman Place,EUR,Computers,7
323,Marquita,Gentile,mgentile8y@va.gov,93198 Donald Alley,ZAR,Books,7
324,Sauncho,Cavilla,scavilla8z@liveinternet.ru,6463 Northfield Way,UAH,Clothing,1
325,Magdalene,Tithecott,mtithecott90@java.com,8 Rieder Pass,SEK,Electronics,7
326,Marion,Pashe,mpashe91@salon.com,1746 Dixon Circle,IDR,Music,10
327,Wilhelmine,Durrans,wdurrans92@google.co.jp,74 Meadow Vale Terrace,MXN,Music,1
328,Tyne,De Francisci,tdefrancisci93@ocn.ne.jp,9846 Heffernan Pass,IQD,Sports,1
329,Leland,Di Biagio,ldibiagio94@printfriendly.com,593 La Follette Avenue,BRL,Outdoors,6
330,Aron,Pestridge,apestridge95@over-blog.com,59850 Maryland Park,IDR,Tools,2
331,Sibelle,Bowcher,sbowcher96@ocn.ne.jp,2 Jay Parkway,PAB,Toys,4
332,Stavros,Lynd,slynd97@purevolume.com,18 Shasta Park,IDR,Clothing,8
333,Karia,Gillott,kgillott98@bbb.org,075 Forest Dale Trail,CNY,Movies,6
334,Anallise,Jirik,ajirik99@blogtalkradio.com,5392 Oxford Trail,EUR,Outdoors,4
335,Nelson,Hymas,nhymas9a@chronoengine.com,4 Morning Trail,MNT,Industrial,1
336,Penny,Arnley,parnley9b@multiply.com,276 Meadow Valley Crossing,IDR,Outdoors,9
337,Dennis,Doring,ddoring9c@bizjournals.com,958 Schlimgen Park,XOF,Clothing,2
338,Deonne,Manning,dmanning9d@wsj.com,09608 Drewry Terrace,EUR,Industrial,6
339,Erhard,Benito,ebenito9e@intel.com,822 Butterfield Drive,CNY,Garden,1
340,Alicea,Guitel,aguitel9f@miibeian.gov.cn,75 Old Shore Hill,COP,Music,4
341,Clareta,Placstone,cplacstone9g@ucoz.com,16672 Lunder Hill,DOP,Games,2
342,Philis,Scrogges,pscrogges9h@ebay.co.uk,0484 Manley Court,CNY,Garden,4
343,Raye,McCulloch,rmcculloch9i@drupal.org,5 Golf Road,CNY,Automotive,6
344,Washington,Ripley,wripley9j@xinhuanet.com,6 Crowley Park,CNY,Clothing,9
345,Melvin,Wadman,mwadman9k@umich.edu,0 Oxford Street,RUB,Clothing,3
346,Paulie,Parrish,pparrish9l@examiner.com,43 Michigan Plaza,EUR,Kids,10
347,Tamarah,Groger,tgroger9m@dyndns.org,8 Hovde Lane,CNY,Electronics,1
348,Danyelle,Bamblett,dbamblett9n@nhs.uk,5 Northridge Circle,EUR,Outdoors,8
349,Michele,Mardall,mmardall9o@google.ca,1 Bunker Hill Park,PEN,Industrial,6
350,Silvana,Allery,sallery9p@youtu.be,6 Derek Hill,CNY,Garden,9
351,Tuesday,Shobrook,tshobrook9q@tinypic.com,14 Beilfuss Alley,MXN,Movies,6
352,Sharla,Alejandre,salejandre9r@china.com.cn,9726 Bartelt Trail,CNY,Sports,5
353,Sidnee,Ballinger,sballinger9s@census.gov,88117 Mallard Way,CNY,Music,6
354,Nariko,Inott,ninott9t@twitter.com,1 Oriole Junction,PHP,Garden,6
355,Otis,Giannasi,ogiannasi9u@rakuten.co.jp,29 Carioca Center,USD,Industrial,2
356,Minna,Durden,mdurden9v@wikipedia.org,8 Springview Place,BYR,Electronics,1
357,Michaella,Arrundale,marrundale9w@ucoz.ru,01362 Artisan Avenue,PEN,Automotive,6
358,Con,Cruickshank,ccruickshank9x@i2i.jp,4947 Crescent Oaks Trail,EUR,Baby,2
359,Russ,Martinson,rmartinson9y@blog.com,9 Talmadge Drive,PHP,Jewelry,1
360,Carleen,Klimshuk,cklimshuk9z@rakuten.co.jp,9 Northwestern Alley,CNY,Games,10
361,Milicent,Bertome,mbertomea0@github.io,7 Wayridge Circle,PHP,Music,1
362,Maurine,De Laci,mdelacia1@unc.edu,96 Havey Street,BRL,Baby,10
363,Cale,Moar,cmoara2@japanpost.jp,752 Bay Parkway,PEN,Electronics,2
364,Quintina,Blewett,qblewetta3@nsw.gov.au,1 Northridge Way,EUR,Toys,6
365,Celie,Stirland,cstirlanda4@bandcamp.com,24 Fordem Street,IDR,Movies,7
366,Bibbye,Garthland,bgarthlanda5@ameblo.jp,642 Goodland Point,EUR,Beauty,7
367,Sarene,Helliker,shellikera6@cpanel.net,9 Pepper Wood Hill,EUR,Shoes,8
368,Sondra,Wordesworth,swordeswortha7@wikia.com,6796 Elgar Center,CAD,Electronics,6
369,Durante,Vinnick,dvinnicka8@bravesites.com,278 Shoshone Point,CNY,Grocery,2
370,Paul,Deane,pdeanea9@arizona.edu,2476 Hayes Alley,CNY,Clothing,9
371,August,Brockbank,abrockbankaa@nydailynews.com,836 Bobwhite Street,RUB,Home,2
372,Ranna,Jochanany,rjochananyab@amazonaws.com,54 Express Court,RUB,Outdoors,6
373,Aloysia,Pasby,apasbyac@cnn.com,0 Lunder Street,MAD,Computers,10
374,Beulah,Fooks,bfooksad@deviantart.com,3872 Lindbergh Plaza,PLN,Music,4
375,Kikelia,Darleston,kdarlestonae@springer.com,312 Dexter Drive,JPY,Tools,3
376,Bev,Smails,bsmailsaf@ifeng.com,31 Claremont Pass,IDR,Toys,9
377,Virgina,Wanklyn,vwanklynag@altervista.org,9 Dennis Junction,HNL,Music,10
378,Damara,Ginie,dginieah@state.gov,16158 Cody Lane,IDR,Jewelry,6
379,Ondrea,Doggrell,odoggrellai@is.gd,69144 Southridge Lane,PLN,Kids,5
380,Charley,Laville,clavilleaj@addtoany.com,3 1st Avenue,CNY,Toys,10
381,Virgina,Goding,vgodingak@creativecommons.org,34 Hagan Lane,IDR,Grocery,9
382,Eamon,Punton,epuntonal@desdev.cn,3674 Lillian Center,CNY,Kids,10
383,Reta,Redholls,rredhollsam@yolasite.com,56 Vahlen Trail,NPR,Beauty,10
384,Joby,Toffanelli,jtoffanellian@nationalgeographic.com,922 Nova Street,BYR,Beauty,5
385,Elvina,Everil,eeverilao@telegraph.co.uk,684 Northwestern Crossing,CNY,Books,5
386,Darb,Leithgoe,dleithgoeap@over-blog.com,7675 Dovetail Point,MGA,Computers,1
387,Elka,Alennikov,ealennikovaq@nationalgeographic.com,394 Artisan Parkway,IDR,Grocery,3
388,Johnette,MacDougall,jmacdougallar@people.com.cn,077 Carpenter Point,CAD,Games,2
389,Crista,Grishin,cgrishinas@yandex.ru,82 5th Terrace,EUR,Beauty,1
390,Naomi,Cotterell,ncotterellat@ftc.gov,92588 Carberry Alley,EUR,Outdoors,1
391,Stevana,Spellacy,sspellacyau@businessweek.com,80519 Brown Drive,EUR,Beauty,7
392,Caty,Tamburi,ctamburiav@freewebs.com,2195 Holy Cross Drive,THB,Games,3
393,Carry,Karczinski,ckarczinskiaw@bravesites.com,4450 Sunfield Trail,BRL,Outdoors,7
394,Sylvia,Alesio,salesioax@tinypic.com,285 Kennedy Road,NGN,Tools,2
395,Esmaria,Tures,eturesay@ustream.tv,413 Transport Place,BRL,Kids,10
396,Brandise,Silkstone,bsilkstoneaz@slate.com,0998 1st Terrace,EUR,Grocery,5
397,Fin,Bolden,fboldenb0@skype.com,47 Carioca Park,IDR,Jewelry,4
398,Silvester,Willbourne,swillbourneb1@facebook.com,70987 Schlimgen Plaza,SEK,Baby,10
399,Goldie,Fleckney,gfleckneyb2@163.com,928 Corben Plaza,THB,Electronics,6
400,James,Kirkbright,jkirkbrightb3@mediafire.com,69360 Bayside Avenue,EUR,Shoes,3
401,Sheppard,Caudell,scaudellb4@youtube.com,3 Thierer Point,EUR,Industrial,8
402,Burg,Arnopp,barnoppb5@slideshare.net,999 Valley Edge Place,USD,Baby,5
403,Borden,Alyoshin,balyoshinb6@fema.gov,87940 Elgar Pass,SZL,Beauty,3
404,Haroun,Litherborough,hlitherboroughb7@loc.gov,7 Redwing Center,IDR,Toys,8
405,Lavinia,Olyff,lolyffb8@rambler.ru,499 Vahlen Junction,SEK,Baby,3
406,Daniel,Rowlings,drowlingsb9@guardian.co.uk,03127 Merry Pass,PEN,Toys,1
407,Melloney,Whittenbury,mwhittenburyba@ow.ly,96502 Troy Junction,CNY,Health,6
408,Kamila,Beebee,kbeebeebb@domainmarket.com,9155 Veith Drive,ARS,Music,4
409,Meade,Hugh,mhughbc@drupal.org,850 Oakridge Place,IDR,Grocery,8
410,Jordain,Annell,jannellbd@unicef.org,09 Manitowish Point,NOK,Computers,2
411,Hewett,Creamer,hcreamerbe@google.pl,251 Orin Pass,HNL,Jewelry,5
412,Kennie,McClancy,kmcclancybf@columbia.edu,500 Vernon Park,JPY,Industrial,9
413,Dyanne,Lubman,dlubmanbg@noaa.gov,910 Monica Center,CNY,Music,8
414,Valeria,Pearman,vpearmanbh@mlb.com,8460 Magdeline Center,IDR,Sports,6
415,Alayne,Muttock,amuttockbi@comsenz.com,306 Sachs Point,MNT,Shoes,2
416,Berky,Trees,btreesbj@dedecms.com,10 Mcbride Road,EUR,Industrial,5
417,Ilyse,Thow,ithowbk@dmoz.org,2688 Mccormick Trail,LBP,Grocery,3
418,Elston,Bentote,ebentotebl@narod.ru,536 Ronald Regan Way,EUR,Grocery,3
419,Alvan,Confait,aconfaitbm@mac.com,9062 Coolidge Plaza,CNY,Toys,1
420,Sher,Gorvin,sgorvinbn@opera.com,537 Brown Crossing,CNY,Electronics,2
421,Auria,Abrahams,aabrahamsbo@chronoengine.com,370 Hooker Road,PHP,Outdoors,10
422,Stephannie,Denerley,sdenerleybp@aol.com,99389 Mallard Lane,IDR,Automotive,9
423,Franciskus,Vango,fvangobq@washington.edu,3288 Roth Drive,CNY,Clothing,3
424,Tomasina,Kerwin,tkerwinbr@phpbb.com,0 Sloan Circle,RUB,Beauty,8
425,Shawn,Searle,ssearlebs@java.com,51 Anderson Circle,BGN,Garden,1
426,Karylin,Linnett,klinnettbt@businesswire.com,7 Corben Junction,GTQ,Movies,1
427,Mureil,Gedling,mgedlingbu@rakuten.co.jp,7773 Elka Park,RUB,Industrial,3
428,Vinny,McCool,vmccoolbv@apple.com,2536 Bonner Point,SEK,Baby,1
429,Enrica,Shipway,eshipwaybw@google.es,52904 Wayridge Drive,SEK,Computers,9
430,Chilton,Huban,chubanbx@cbslocal.com,484 Mariners Cove Terrace,PHP,Electronics,10
431,Elfie,Londors,elondorsby@europa.eu,55 Dapin Drive,CNY,Music,4
432,Henrietta,Aucott,haucottbz@yellowbook.com,67 Crownhardt Hill,DOP,Music,10
433,Dolph,Carwithen,dcarwithenc0@unc.edu,19 Arizona Crossing,IDR,Electronics,1
434,Clarence,Ferrea,cferreac1@redcross.org,91065 Portage Road,XOF,Automotive,5
435,Marybelle,Coushe,mcoushec2@artisteer.com,375 Mandrake Trail,PHP,Clothing,10
436,Barris,Ollerton,bollertonc3@bbb.org,04129 Anniversary Park,BWP,Toys,4
437,Agustin,Reilinger,areilingerc4@hostgator.com,79952 Merrick Hill,CAD,Clothing,9
438,Josepha,Saintpierre,jsaintpierrec5@economist.com,1 Montana Trail,NIO,Outdoors,1
439,Bel,Pittock,bpittockc6@marketwatch.com,44 Stephen Circle,CNY,Music,7
440,Sumner,Grundon,sgrundonc7@columbia.edu,41 International Place,PHP,Sports,6
441,Roda,Noen,rnoenc8@gizmodo.com,86 Banding Alley,IDR,Grocery,4
442,Stearn,Conwell,sconwellc9@dot.gov,11 Forest Run Park,EUR,Books,4
443,Genovera,McKeady,gmckeadyca@shareasale.com,1770 Homewood Avenue,RUB,Clothing,8
444,Cele,Georgelin,cgeorgelincb@businessweek.com,27 Eggendart Way,RSD,Grocery,1
445,Paulette,Antonomolii,pantonomoliicc@mozilla.com,64742 Kropf Parkway,PHP,Industrial,10
446,Son,Besnardeau,sbesnardeaucd@google.cn,74760 Carberry Pass,HNL,Beauty,3
447,Chaim,Banfield,cbanfieldce@blinklist.com,3428 Carey Pass,IDR,Health,7
448,Wyndham,Baildon,wbaildoncf@wikispaces.com,79 Kedzie Place,CZK,Home,2
449,Kyle,Soar,ksoarcg@istockphoto.com,49328 Petterle Parkway,IDR,Toys,2
450,Lida,Abelevitz,labelevitzch@jalbum.net,9421 Hoard Parkway,GTQ,Garden,7
451,Tuckie,Elleyne,telleyneci@jugem.jp,69649 Onsgard Street,IDR,Home,4
452,Rosemaria,Sandys,rsandyscj@jugem.jp,5981 Veith Terrace,KZT,Books,3
453,Maggy,Latta,mlattack@upenn.edu,9061 Columbus Avenue,EUR,Books,8
454,Peyter,Mathon,pmathoncl@ucoz.ru,29836 Sunfield Junction,NZD,Home,4
455,Baily,Cotgrave,bcotgravecm@t.co,4465 Utah Junction,CNY,Shoes,1
456,Ramsay,Rawlingson,rrawlingsoncn@dyndns.org,90137 Waywood Hill,PHP,Computers,9
457,Hedvige,Streader,hstreaderco@sfgate.com,34734 Morningstar Drive,SDG,Beauty,5
458,Shea,Mahood,smahoodcp@webeden.co.uk,3499 Harper Street,USD,Movies,5
459,Kenton,Odgaard,kodgaardcq@behance.net,4 Aberg Circle,VEF,Sports,6
460,Mireielle,Blankett,mblankettcr@purevolume.com,52 Independence Point,CNY,Toys,10
461,Kristos,Rene,krenecs@bloglines.com,645 Westend Road,CNY,Computers,9
462,Sharity,Bromfield,sbromfieldct@google.es,98046 Towne Park,BRL,Kids,8
463,Port,Van Oort,pvanoortcu@google.com.hk,89395 Lawn Plaza,CNY,Outdoors,3
464,Filmore,Sevin,fsevincv@guardian.co.uk,69422 Bashford Road,THB,Grocery,1
465,Reinaldo,Klousner,rklousnercw@quantcast.com,9684 Dakota Park,JPY,Music,3
466,Russ,Bottoner,rbottonercx@ucoz.com,1810 Autumn Leaf Place,USD,Baby,9
467,Levy,Zold,lzoldcy@livejournal.com,1065 Erie Pass,IDR,Home,10
468,Sinclare,Woodyatt,swoodyattcz@facebook.com,56 Bonner Circle,EUR,Baby,1
469,Roman,Erricker,rerrickerd0@hao123.com,359 Vernon Avenue,IDR,Home,3
470,Stevie,Copo,scopod1@tmall.com,4032 Dwight Avenue,IDR,Tools,6
471,Alasteir,Alvy,aalvyd2@prweb.com,09 Merrick Road,EUR,Home,10
472,Nettle,Pilling,npillingd3@ustream.tv,64 Redwing Drive,PEN,Sports,8
473,Rick,Linny,rlinnyd4@house.gov,6 Lerdahl Drive,EUR,Baby,10
474,Hetty,Bromidge,hbromidged5@mozilla.com,433 Reinke Street,PLN,Shoes,10
475,Ginnifer,Sones,gsonesd6@sakura.ne.jp,19780 Johnson Center,PLN,Automotive,8
476,Donnamarie,Robottham,drobotthamd7@toplist.cz,643 Lakeland Avenue,DOP,Garden,4
477,Moe,Klimentov,mklimentovd8@baidu.com,4 Fair Oaks Pass,CNY,Automotive,7
478,Lucius,Burchatt,lburchattd9@nifty.com,86969 2nd Circle,IDR,Music,1
479,Jean,Nellen,jnellenda@fc2.com,47 Rigney Park,CNY,Grocery,9
480,Desirae,Brehault,dbrehaultdb@guardian.co.uk,182 Iowa Hill,BYR,Shoes,9
481,Arlyne,Beavington,abeavingtondc@dedecms.com,41659 Acker Parkway,IDR,Health,1
482,Reider,Harken,rharkendd@google.com.hk,735 Village Green Trail,CNY,Baby,9
483,Jorrie,Giovannardi,jgiovannardide@gmpg.org,57 Roxbury Terrace,CNY,Tools,8
484,Ichabod,Vankov,ivankovdf@utexas.edu,1 Shoshone Road,CNY,Outdoors,3
485,Tobi,McKeran,tmckerandg@npr.org,096 Colorado Pass,AFN,Outdoors,10
486,Sandy,Reef,sreefdh@naver.com,0618 Kedzie Hill,EUR,Outdoors,3
487,Lilah,Bavridge,lbavridgedi@virginia.edu,1 Burrows Pass,CAD,Electronics,5
488,Novelia,Lukasen,nlukasendj@bigcartel.com,7597 Ilene Center,USD,Books,2
489,Binnie,Maybey,bmaybeydk@amazonaws.com,20 Pepper Wood Drive,BWP,Health,10
490,Giffy,Robyns,grobynsdl@purevolume.com,222 Boyd Crossing,KES,Outdoors,1
491,Colene,Yakob,cyakobdm@jimdo.com,688 Dahle Drive,IDR,Computers,6
492,Heddie,Fenner,hfennerdn@who.int,92 Jana Way,CZK,Shoes,9
493,Niles,Shrieve,nshrievedo@apple.com,4 Schmedeman Street,PHP,Computers,9
494,Norby,Angrick,nangrickdp@mysql.com,3167 Loomis Trail,USD,Kids,3
495,Margarete,Wealthall,mwealthalldq@cisco.com,09 Walton Way,CNY,Jewelry,7
496,Jaclin,Degenhardt,jdegenhardtdr@google.ru,4 Holmberg Way,RUB,Electronics,9
497,Conny,Shelborne,cshelborneds@seesaa.net,13674 Maple Wood Center,BRL,Beauty,6
498,Jana,Webburn,jwebburndt@nba.com,750 Green Ridge Crossing,AZN,Computers,8
499,Lawry,Stockford,lstockforddu@loc.gov,05 Corben Plaza,PEN,Outdoors,7
500,Coreen,Do Rosario,cdorosariodv@mail.ru,2063 Jackson Plaza,COP,Health,6
501,Gardner,Alvares,galvaresdw@booking.com,29 Straubel Lane,CNY,Jewelry,9
502,Nissa,Jessett,njessettdx@plala.or.jp,1 Sycamore Lane,CNY,Automotive,9
503,Florencia,MacIntosh,fmacintoshdy@usatoday.com,1 Northview Park,CNY,Games,9
504,Nicolette,Killelea,nkilleleadz@miibeian.gov.cn,65 Eastlawn Court,KRW,Baby,3
505,Rubia,O'Cannan,rocannane0@cdbaby.com,01260 Elmside Terrace,JPY,Outdoors,1
506,Anders,Rate,aratee1@etsy.com,66355 Starling Park,EUR,Kids,10
507,Addie,Langley,alangleye2@sourceforge.net,5 Laurel Terrace,PHP,Baby,7
508,Amby,Crawshaw,acrawshawe3@clickbank.net,4926 Oakridge Circle,PLN,Garden,2
509,Blondell,Wilkinson,bwilkinsone4@macromedia.com,97 Quincy Junction,BGN,Books,10
510,Prentice,Divis,pdivise5@slashdot.org,6280 Judy Trail,CNY,Tools,9
511,Marcelle,Butchart,mbutcharte6@noaa.gov,547 Morrow Center,EUR,Garden,4
512,Lisette,Roberds,lroberdse7@issuu.com,65 Swallow Crossing,XOF,Music,10
513,Anna-diane,Standall,astandalle8@google.de,31294 Upham Hill,SEK,Games,2
514,Denys,Hillburn,dhillburne9@dedecms.com,13 Graceland Terrace,RUB,Garden,3
515,Joni,Okell,jokellea@cdc.gov,8 Mockingbird Street,CNY,Clothing,9
516,Julianna,O'Hoey,johoeyeb@gmpg.org,68424 Montana Trail,CNY,Beauty,9
517,Royall,Guild,rguildec@hud.gov,2865 Gerald Junction,RUB,Jewelry,5
518,Essy,Cowhig,ecowhiged@china.com.cn,4 Parkside Street,PEN,Home,9
519,Bourke,Hatley,bhatleyee@bing.com,16 Donald Parkway,RUB,Tools,2
520,Farlie,Pavelka,fpavelkaef@about.com,52951 Superior Alley,MXN,Health,1
521,Porter,Ranns,prannseg@hubpages.com,42 Vera Way,CZK,Outdoors,10
522,Rosalinda,Widdop,rwiddopeh@washington.edu,06 Sunbrook Court,PHP,Music,9
523,Carlita,Glasscock,cglasscockei@aol.com,286 Carey Court,CNY,Computers,9
524,Emmit,McConnulty,emcconnultyej@smh.com.au,07811 Brentwood Place,BRL,Outdoors,3
525,Alvera,Sahlstrom,asahlstromek@ihg.com,53059 Hoepker Trail,HNL,Automotive,4
526,Marianna,Langworthy,mlangworthyel@aboutads.info,113 Crest Line Alley,EUR,Home,6
527,Corabella,Mickleburgh,cmickleburghem@eventbrite.com,1 Hoepker Lane,RUB,Music,6
528,Darcy,Buttle,dbuttleen@vistaprint.com,0620 Hauk Crossing,USD,Baby,1
529,Clevey,Kehoe,ckehoeeo@shop-pro.jp,158 Susan Trail,CZK,Toys,3
530,Moyna,Robins,mrobinsep@spotify.com,8 Melvin Parkway,PHP,Electronics,1
531,Thomasina,Pendrick,tpendrickeq@jiathis.com,1949 Green Ridge Terrace,COP,Computers,6
532,Ian,Du Hamel,iduhameler@google.co.jp,78152 Fair Oaks Hill,CNY,Health,2
533,Rivalee,Elgram,relgrames@gov.uk,99 Valley Edge Plaza,PHP,Sports,3
534,Tiffi,Bramford,tbramfordet@cdc.gov,364 Armistice Place,ALL,Toys,10
535,Fallon,Grahame,fgrahameeu@posterous.com,62014 Nelson Trail,PLN,Movies,4
536,Kalinda,Gwilliams,kgwilliamsev@livejournal.com,4788 Texas Junction,PEN,Electronics,1
537,Randie,Mitchelhill,rmitchelhillew@digg.com,0 Fieldstone Parkway,VND,Shoes,10
538,Inga,Americi,iamericiex@statcounter.com,94 Upham Lane,ZAR,Movies,7
539,Chelsey,Linney,clinneyey@hatena.ne.jp,17702 Eastwood Place,RUB,Industrial,9
540,Lari,Eglinton,leglintonez@stumbleupon.com,2828 International Junction,HUF,Industrial,8
541,Dannie,Eyckel,deyckelf0@meetup.com,2 Orin Drive,RUB,Electronics,10
542,Urbano,Brothwood,ubrothwoodf1@pagesperso-orange.fr,8172 Florence Drive,CAD,Sports,7
543,Virgie,Alcoran,valcoranf2@gravatar.com,9445 Lawn Avenue,CNY,Outdoors,7
544,Austine,Pelfer,apelferf3@usgs.gov,6 Shasta Lane,RUB,Garden,3
545,Clementine,McAlinion,cmcalinionf4@webnode.com,25769 Elmside Plaza,CNY,Baby,5
546,Daveta,Derye-Barrett,dderyebarrettf5@dropbox.com,90006 Menomonie Lane,JPY,Beauty,6
547,Francesca,Vivash,fvivashf6@pagesperso-orange.fr,2874 Rigney Junction,EUR,Beauty,9
548,Vernen,Palfree,vpalfreef7@is.gd,81552 Susan Point,IDR,Computers,7
549,Dulcinea,Raveau,draveauf8@shinystat.com,9637 Redwing Point,IDR,Clothing,10
550,Harriott,Purse,hpursef9@engadget.com,5 Ronald Regan Road,SEK,Baby,2
551,Karen,Ibarra,kibarrafa@cyberchimps.com,9832 Sloan Pass,CNY,Health,3
552,Spense,Gumley,sgumleyfb@goodreads.com,76 Toban Road,CNY,Books,9
553,Ofella,Blabber,oblabberfc@networkadvertising.org,1 Basil Junction,XOF,Sports,7
554,Juditha,Coulton,jcoultonfd@vk.com,5396 Blaine Parkway,EUR,Garden,2
555,Consuelo,Aysh,cayshfe@shop-pro.jp,8 Bluestem Terrace,CNY,Jewelry,10
556,Cynthea,Bingley,cbingleyff@narod.ru,417 Longview Point,RSD,Jewelry,5
557,Catie,Sinden,csindenfg@goodreads.com,5 Southridge Drive,CNY,Tools,7
558,Vinny,Aldis,valdisfh@ed.gov,45 Roth Drive,THB,Garden,3
559,Rheba,Drivers,rdriversfi@google.com.au,075 Lyons Alley,EUR,Books,5
560,Ramonda,Summerlad,rsummerladfj@friendfeed.com,609 Scott Street,EUR,Grocery,7
561,Abie,de Castelain,adecastelainfk@networkadvertising.org,9 Main Point,CZK,Games,6
562,Jobi,McCreery,jmccreeryfl@jiathis.com,1 Scott Junction,SEK,Games,8
563,Joelle,Mottershaw,jmottershawfm@tinyurl.com,48 Crescent Oaks Drive,COP,Health,10
564,Rickie,Pulfer,rpulferfn@bravesites.com,1265 Aberg Plaza,THB,Shoes,4
565,Hillard,McCorley,hmccorleyfo@elegantthemes.com,6100 Mayer Hill,CNY,Grocery,7
566,Verla,Blanko,vblankofp@1und1.de,22 High Crossing Hill,PHP,Computers,1
567,Celka,Malpass,cmalpassfq@house.gov,54526 Acker Court,ARS,Home,1
568,Julianna,Dace,jdacefr@a8.net,52 Artisan Junction,THB,Beauty,6
569,Judye,Spick,jspickfs@pen.io,54 Lunder Circle,CNY,Jewelry,6
570,Neddie,Hotchkin,nhotchkinft@stumbleupon.com,22953 Sutherland Avenue,BOB,Baby,3
571,Clara,Crockatt,ccrockattfu@fda.gov,0 Dunning Avenue,CNY,Jewelry,2
572,Hannie,Le Quesne,hlequesnefv@yellowbook.com,9 Sheridan Drive,SEK,Tools,10
573,Sallyanne,Maliphant,smaliphantfw@xrea.com,29 Harper Way,RUB,Electronics,2
574,Kevin,Brame,kbramefx@jalbum.net,68 Upham Trail,XPF,Music,3
575,Grayce,Rapley,grapleyfy@fc2.com,72 Green Ridge Circle,COP,Health,7
576,Rose,Haines,rhainesfz@liveinternet.ru,31 Walton Hill,PHP,Clothing,2
577,Lotte,Merwe,lmerweg0@dailymotion.com,2 Evergreen Drive,CNY,Health,1
578,Bradan,Lello,blellog1@phpbb.com,81833 Hoard Place,IDR,Games,1
579,Adolphe,Costelloe,acostelloeg2@omniture.com,3 Veith Lane,USD,Jewelry,6
580,Findley,Le Jean,flejeang3@myspace.com,277 Pennsylvania Parkway,ISK,Jewelry,1
581,Alvy,Lenham,alenhamg4@myspace.com,447 Londonderry Road,XOF,Games,4
582,Reeta,Sealey,rsealeyg5@liveinternet.ru,0 Melrose Point,AFN,Industrial,8
583,Osbert,Wilkennson,owilkennsong6@usatoday.com,70417 Mayer Circle,EUR,Health,6
584,Alex,Gouck,agouckg7@bbb.org,561 Hazelcrest Court,UAH,Home,8
585,Fifi,Skurray,fskurrayg8@apple.com,92932 Nancy Hill,EUR,Sports,6
586,Sheila,Oriel,sorielg9@clickbank.net,639 Huxley Park,CNY,Jewelry,1
587,Evania,Jory,ejoryga@patch.com,28523 Muir Plaza,RUB,Sports,10
588,Chalmers,Wellstead,cwellsteadgb@webmd.com,93272 Jenifer Park,CNY,Kids,8
589,Kleon,Munns,kmunnsgc@meetup.com,34 Warrior Circle,PLN,Shoes,3
590,Meir,Twinbourne,mtwinbournegd@drupal.org,3144 Fuller Pass,IDR,Beauty,2
591,Maible,Giberd,mgiberdge@nhs.uk,7517 Marcy Drive,BRL,Kids,8
592,Aldus,Mcettrick,amcettrickgf@spotify.com,72666 Bellgrove Lane,PKR,Movies,8
593,Yankee,Sebastian,ysebastiangg@reddit.com,64830 Independence Street,EUR,Computers,3
594,Holmes,Kearle,hkearlegh@gov.uk,51685 Scoville Street,CNY,Sports,9
595,Maud,Clerc,mclercgi@elegantthemes.com,003 Rieder Parkway,XAF,Clothing,6
596,Novelia,Simpole,nsimpolegj@amazon.co.jp,8 Becker Park,CNY,Jewelry,6
597,Lance,Corrett,lcorrettgk@yellowpages.com,70 Sage Park,CNY,Toys,8
598,Myrilla,Torel,mtorelgl@biglobe.ne.jp,7527 Grasskamp Plaza,XAF,Baby,6
599,Scot,Parysiak,sparysiakgm@oracle.com,7561 Marcy Way,CNY,Grocery,7
600,Thomasine,Grey,tgreygn@webmd.com,44967 Tennessee Lane,EUR,Home,5
601,Erminia,Hatje,ehatjego@123-reg.co.uk,93 Ramsey Center,CNY,Industrial,10
602,Rafaela,Cana,rcanagp@wix.com,9 Duke Crossing,CNY,Kids,2
603,Vonnie,Wheelton,vwheeltongq@economist.com,3 Coolidge Avenue,CNY,Jewelry,4
604,Karlik,Drinkhill,kdrinkhillgr@omniture.com,4595 Maryland Center,RUB,Industrial,8
605,Osbourne,Elleyne,oelleynegs@epa.gov,47 8th Court,CNY,Books,3
606,Freedman,Hothersall,fhothersallgt@chicagotribune.com,68909 American Ash Crossing,PLN,Automotive,1
607,Rivkah,Arnoll,rarnollgu@vimeo.com,6 Crowley Lane,IDR,Kids,9
608,Nedi,Swinnerton,nswinnertongv@mashable.com,28608 Arapahoe Hill,MXN,Health,8
609,Adolph,Mc Carroll,amccarrollgw@moonfruit.com,910 Northland Street,BYR,Tools,5
610,Merrel,McGroarty,mmcgroartygx@jiathis.com,0 Sloan Circle,EUR,Movies,2
611,Maurita,MacLucais,mmaclucaisgy@redcross.org,29 Schmedeman Street,EUR,Kids,3
612,Sibyl,Dowry,sdowrygz@mtv.com,7622 Division Park,AFN,Grocery,6
613,Sibyl,Collinson,scollinsonh0@bluehost.com,10 Grover Way,XAF,Toys,6
614,Moria,Lazell,mlazellh1@eepurl.com,6393 Kipling Way,HRK,Clothing,6
615,Nedi,Thorndale,nthorndaleh2@1und1.de,727 Northwestern Parkway,PYG,Grocery,2
616,Reggie,Rathborne,rrathborneh3@4shared.com,34 Southridge Trail,NGN,Clothing,8
617,Jeralee,Dines,jdinesh4@studiopress.com,08 Kings Alley,CNY,Health,7
618,Hildegarde,Flower,hflowerh5@microsoft.com,03123 Anniversary Park,IDR,Beauty,10
619,Alanson,Kinnock,akinnockh6@skyrock.com,66872 Goodland Road,PLN,Baby,7
620,Elli,Bigrigg,ebigriggh7@youtube.com,49497 Almo Terrace,SEK,Electronics,5
621,Manolo,Sambrook,msambrookh8@hp.com,0 Granby Terrace,CZK,Books,8
622,Glenn,Flahive,gflahiveh9@alexa.com,2876 Holmberg Lane,CZK,Home,2
623,Dur,Jordanson,djordansonha@360.cn,8999 Elmside Point,UAH,Kids,9
624,Rupert,Brounfield,rbrounfieldhb@networkadvertising.org,2538 3rd Park,USD,Industrial,5
625,Adelind,Dearsley,adearsleyhc@naver.com,6524 Warner Terrace,RUB,Grocery,5
626,Alene,Fadell,afadellhd@senate.gov,80387 4th Parkway,IDR,Health,7
627,Gianni,Melarkey,gmelarkeyhe@cdc.gov,3630 Dryden Park,EUR,Computers,10
628,Mohandas,Pinkard,mpinkardhf@icio.us,6275 Eliot Circle,RUB,Clothing,9
629,Ariella,Leupold,aleupoldhg@usa.gov,13824 Hovde Plaza,JPY,Clothing,7
630,Flint,Matuszyk,fmatuszykhh@google.pl,181 Fordem Terrace,BRL,Toys,7
631,Tiffani,Banger,tbangerhi@quantcast.com,137 Fair Oaks Road,COP,Beauty,8
632,Reuben,Yeardsley,ryeardsleyhj@digg.com,68641 Northland Court,IDR,Industrial,3
633,Delbert,McCurrie,dmccurriehk@ask.com,48607 Oneill Way,PEN,Industrial,9
634,Dari,Hallede,dhalledehl@rediff.com,71 Killdeer Trail,EUR,Jewelry,5
635,Alberta,Meadowcraft,ameadowcrafthm@utexas.edu,86 Knutson Place,CAD,Baby,10
636,Yuma,Righy,yrighyhn@nsw.gov.au,15855 Waywood Park,CNY,Kids,10
637,Adelind,Maunsell,amaunsellho@elpais.com,6 Grim Terrace,MXN,Jewelry,8
638,Druci,Penzer,dpenzerhp@phpbb.com,7 Barnett Pass,CNY,Grocery,7
639,Anallese,Manon,amanonhq@nbcnews.com,4 Northwestern Hill,EUR,Home,8
640,Mathian,Danit,mdanithr@youtu.be,3 Garrison Way,XOF,Games,4
641,Normy,Piotrkowski,npiotrkowskihs@intel.com,896 David Point,EUR,Music,4
642,Dorise,Bickerstasse,dbickerstasseht@upenn.edu,0 Ridgeway Way,IDR,Industrial,9
643,Jens,Goodsell,jgoodsellhu@booking.com,08 Forest Run Place,HRK,Kids,2
644,Ozzy,Prettjohn,oprettjohnhv@is.gd,21 Carey Place,IDR,Beauty,10
645,Eal,Noot,enoothw@google.com.br,207 Bonner Street,CAD,Health,1
646,Josy,Caldron,jcaldronhx@edublogs.org,4 Sloan Parkway,RUB,Electronics,6
647,Micky,Drains,mdrainshy@goo.gl,23 Hermina Plaza,ILS,Automotive,5
648,Gwen,Dermott,gdermotthz@photobucket.com,0769 South Avenue,ILS,Industrial,5
649,Tierney,Pitt,tpitti0@shop-pro.jp,54 Lighthouse Bay Hill,ZWL,Clothing,4
650,Jana,Pengilly,jpengillyi1@archive.org,05 Kinsman Street,CNY,Games,7
651,Harmonie,Sams,hsamsi2@t.co,2073 Algoma Parkway,PHP,Sports,3
652,Eden,Rigby,erigbyi3@google.com,82 John Wall Trail,EUR,Jewelry,7
653,Valaree,Yashaev,vyashaevi4@google.com,42 Hazelcrest Center,CNY,Jewelry,5
654,Birgitta,Kezar,bkezari5@delicious.com,0 Ilene Road,KES,Sports,10
655,Arabel,Axworthy,aaxworthyi6@latimes.com,9 Corscot Place,PHP,Kids,7
656,Haywood,Jeandet,hjeandeti7@uiuc.edu,56 Meadow Vale Drive,IDR,Automotive,6
657,Kacey,Alentyev,kalentyevi8@a8.net,19391 Elka Lane,BRL,Kids,6
658,Jaquenetta,Blenkinsop,jblenkinsopi9@histats.com,16 Hanson Circle,CNY,Games,2
659,Maddalena,Dorken,mdorkenia@boston.com,0 Victoria Place,EUR,Jewelry,9
660,Douglas,Roseby,drosebyib@alibaba.com,63 Drewry Point,VND,Outdoors,9
661,Ellette,Butland,ebutlandic@moonfruit.com,3 American Ash Pass,PHP,Shoes,7
662,Andris,Barneville,abarnevilleid@gmpg.org,599 High Crossing Hill,CNY,Automotive,6
663,Trudy,Beining,tbeiningie@foxnews.com,70 Meadow Ridge Trail,PLN,Jewelry,8
664,Wilone,Faltskog,wfaltskogif@tmall.com,91478 Elka Way,ILS,Industrial,9
665,Jena,Eagland,jeaglandig@wsj.com,36 John Wall Drive,ARS,Computers,6
666,Mead,Buzek,mbuzekih@ebay.co.uk,341 Magdeline Avenue,EUR,Toys,6
667,Dene,Dossettor,ddossettorii@wufoo.com,58 Mesta Crossing,CNY,Health,2
668,Elwood,Tremontana,etremontanaij@instagram.com,06222 Memorial Place,AMD,Health,5
669,Lydon,Yankov,lyankovik@fastcompany.com,2758 Evergreen Park,CNY,Grocery,9
670,Candi,Francescoccio,cfrancescoccioil@timesonline.co.uk,438 Westridge Crossing,CNY,Kids,10
671,Wynny,Oxberry,woxberryim@theatlantic.com,55 Vermont Lane,NGN,Games,6
672,Keriann,Drews,kdrewsin@blogspot.com,477 Lerdahl Drive,BRL,Baby,3
673,Welsh,Barrowclough,wbarrowcloughio@imgur.com,90824 Ramsey Street,CNY,Books,6
674,Andreas,Roskell,aroskellip@surveymonkey.com,9668 Corben Parkway,MDL,Electronics,3
675,Jsandye,Poulgreen,jpoulgreeniq@elegantthemes.com,81856 Almo Alley,ZMW,Clothing,3
676,Noel,Winmill,nwinmillir@weather.com,082 Bluejay Parkway,TZS,Baby,5
677,Isabella,Gosneye,igosneyeis@cbsnews.com,65 Arizona Center,CLP,Kids,4
678,Graig,Foulcher,gfoulcherit@topsy.com,6538 Badeau Parkway,EUR,Kids,9
679,Rab,Andreacci,randreacciiu@springer.com,23 Amoth Trail,BOB,Sports,10
680,Desdemona,Preskett,dpreskettiv@theatlantic.com,3870 Chive Court,CNY,Industrial,8
681,Matthus,Scranny,mscrannyiw@abc.net.au,62 Lindbergh Drive,CNY,Jewelry,8
682,Star,Hardingham,shardinghamix@twitpic.com,7748 Arrowood Lane,SYP,Shoes,1
683,Maynard,Dresse,mdresseiy@blinklist.com,61 Rockefeller Avenue,IDR,Health,8
684,Claudina,Wick,cwickiz@sbwire.com,4005 Beilfuss Drive,PEN,Music,4
685,Andrea,Graveson,agravesonj0@360.cn,68738 Cambridge Avenue,PLN,Shoes,9
686,Moise,Tabbitt,mtabbittj1@omniture.com,9196 Evergreen Park,IRR,Health,6
687,Inger,Lockhead,ilockheadj2@samsung.com,36476 Little Fleur Street,CRC,Jewelry,10
688,Bran,Minter,bminterj3@histats.com,5 Russell Plaza,USD,Games,5
689,Corny,McBlain,cmcblainj4@tiny.cc,0233 Cottonwood Pass,PHP,Kids,2
690,Franky,Jozaitis,fjozaitisj5@businesswire.com,7026 Hudson Street,SYP,Health,3
691,Conway,Elwyn,celwynj6@storify.com,2 Continental Street,USD,Sports,6
692,Hyacinthie,Kelleway,hkellewayj7@icq.com,136 Shasta Alley,CNY,Garden,2
693,Morgun,Shout,mshoutj8@sun.com,9 5th Junction,EUR,Health,10
694,Fina,Dadswell,fdadswellj9@google.pl,592 Rockefeller Center,PHP,Shoes,5
695,Tracy,Hudel,thudelja@businesswire.com,15 Mayer Pass,BGN,Baby,4
696,Julieta,Crut,jcrutjb@alexa.com,2 Mifflin Parkway,IDR,Health,7
697,Alys,Inkin,ainkinjc@mapquest.com,03665 Grayhawk Pass,AUD,Toys,7
698,Ignacius,Cluatt,icluattjd@gravatar.com,29 Bunting Crossing,COP,Games,5
699,Jessie,Meffin,jmeffinje@cafepress.com,0376 Merchant Junction,RUB,Kids,4
700,Midge,Plowman,mplowmanjf@alibaba.com,152 Loeprich Park,CNY,Tools,9
701,Cesaro,Wolland,cwollandjg@dailymotion.com,4 Forest Drive,CAD,Jewelry,4
702,Cynde,Acreman,cacremanjh@engadget.com,737 Homewood Circle,AFN,Health,1
703,Rosanne,Keniwell,rkeniwellji@dell.com,9 La Follette Plaza,ILS,Health,5
704,Bogart,Krzysztofiak,bkrzysztofiakjj@intel.com,201 Superior Road,COP,Sports,4
705,Poul,Cratere,pcraterejk@blog.com,188 Thierer Center,PLN,Sports,10
706,Whit,Tunnow,wtunnowjl@hud.gov,895 Bunting Park,IDR,Computers,3
707,Letitia,Bumford,lbumfordjm@cyberchimps.com,172 Stuart Point,BRL,Movies,3
708,Elmore,Clegg,ecleggjn@foxnews.com,3093 Chinook Circle,PHP,Games,8
709,Tamas,Asmus,tasmusjo@squarespace.com,706 Columbus Hill,EUR,Garden,10
710,Matilda,Dearth,mdearthjp@nbcnews.com,2 Utah Way,BGN,Movies,5
711,Lisbeth,Tanzig,ltanzigjq@census.gov,4 Dennis Drive,PHP,Sports,6
712,Wright,Tyres,wtyresjr@drupal.org,687 Rowland Center,KZT,Sports,5
713,Fannie,Baack,fbaackjs@miitbeian.gov.cn,961 Oakridge Alley,UAH,Computers,1
714,Carolin,Mickelwright,cmickelwrightjt@phpbb.com,0044 Oak Alley,UAH,Outdoors,2
715,Immanuel,Goodlip,igoodlipju@over-blog.com,12 South Street,CNY,Baby,7
716,Shara,O'Dempsey,sodempseyjv@jugem.jp,5 Ruskin Plaza,ETB,Health,4
717,Cinnamon,Poker,cpokerjw@chronoengine.com,24386 Melvin Hill,PHP,Jewelry,1
718,Sunshine,Matthew,smatthewjx@wiley.com,184 Butterfield Place,CNY,Shoes,4
719,Giorgio,Fillimore,gfillimorejy@sitemeter.com,85 Westend Road,CAD,Kids,9
720,Malina,Cleen,mcleenjz@istockphoto.com,6010 Annamark Hill,RUB,Outdoors,5
721,Vida,Hazael,vhazaelk0@netlog.com,87 Sunfield Way,CNY,Kids,7
722,D'arcy,Perle,dperlek1@uol.com.br,3534 International Center,PLN,Sports,4
723,Chelsea,Horsewood,chorsewoodk2@nih.gov,79 Miller Place,GHS,Clothing,10
724,Isahella,Championnet,ichampionnetk3@etsy.com,073 Sachtjen Lane,EUR,Tools,1
725,Simonette,Jouannisson,sjouannissonk4@typepad.com,1407 Arkansas Junction,THB,Baby,8
726,Garwood,Reddell,greddellk5@intel.com,83 Farragut Circle,IDR,Jewelry,9
727,Angie,Bhatia,abhatiak6@nps.gov,48776 Springs Lane,USD,Baby,6
728,Hashim,Linkie,hlinkiek7@multiply.com,400 Anzinger Road,PEN,Tools,4
729,Talia,Phelips,tphelipsk8@rambler.ru,0566 Moland Parkway,CNY,Music,2
730,Jose,Sant,jsantk9@bluehost.com,595 Ridge Oak Trail,CNY,Books,2
731,Taddeo,Covill,tcovillka@youtu.be,89941 Emmet Drive,IDR,Grocery,8
732,Aryn,Ashley,aashleykb@ask.com,1866 Doe Crossing Road,RUB,Games,10
733,Agna,Pfaffel,apfaffelkc@virginia.edu,51200 Vahlen Circle,RUB,Health,9
734,Andromache,Shannahan,ashannahankd@google.com.br,723 Arkansas Parkway,PHP,Music,10
735,Jermaine,Bugg,jbuggke@weather.com,7 Glacier Hill Court,RUB,Industrial,8
736,Geoff,Nise,gnisekf@jiathis.com,3330 Moulton Court,MKD,Music,1
737,Kerrin,McMychem,kmcmychemkg@ebay.com,12 Ryan Crossing,BOB,Sports,7
738,Gwenni,Brazener,gbrazenerkh@yale.edu,339 Hayes Parkway,RUB,Books,3
739,Phil,Dollar,pdollarki@amazon.co.uk,3 Lunder Road,SEK,Sports,2
740,Lishe,Garard,lgarardkj@prweb.com,4 4th Drive,IDR,Electronics,5
741,Dagny,Barham,dbarhamkk@google.com.hk,0 Bayside Street,CNY,Health,3
742,Mitzi,Stapells,mstapellskl@mapquest.com,00272 Chinook Avenue,MXN,Automotive,3
743,Bryce,Sycamore,bsycamorekm@biblegateway.com,29407 Birchwood Park,PEN,Jewelry,10
744,Krystalle,Lamprey,klampreykn@bandcamp.com,64 Dixon Parkway,PEN,Baby,10
745,Myrwyn,Jarrette,mjarretteko@photobucket.com,71699 Manufacturers Junction,EUR,Electronics,5
746,Lindie,Hillburn,lhillburnkp@diigo.com,8 Ronald Regan Plaza,RUB,Beauty,10
747,Lexie,Angrove,langrovekq@accuweather.com,79238 Victoria Drive,EUR,Industrial,4
748,Shelli,Flemyng,sflemyngkr@networkadvertising.org,29 Express Point,EUR,Outdoors,10
749,Eugenie,Kobpa,ekobpaks@cbsnews.com,208 Claremont Road,CNY,Automotive,6
750,Sandy,Hannaby,shannabykt@nsw.gov.au,1 Lukken Court,EUR,Health,7
751,Annissa,Roper,aroperku@moonfruit.com,9 Hazelcrest Pass,EUR,Games,4
752,Rubie,L'argent,rlargentkv@lulu.com,91 Continental Circle,PEN,Jewelry,8
753,Bernadene,Simkovitz,bsimkovitzkw@howstuffworks.com,86 Veith Point,SYP,Baby,7
754,Joice,Speedin,jspeedinkx@seattletimes.com,1553 Hoepker Drive,SEK,Garden,3
755,Georgianna,Purshouse,gpurshouseky@umich.edu,0153 Bellgrove Circle,BRL,Movies,4
756,Matti,Dawe,mdawekz@php.net,9 Lighthouse Bay Plaza,IDR,Electronics,9
757,Isiahi,Vedeshkin,ivedeshkinl0@usatoday.com,0315 Meadow Ridge Plaza,NIO,Computers,4
758,Larissa,Nayer,lnayerl1@intel.com,0738 Jackson Terrace,CDF,Outdoors,3
759,Auguste,Duns,adunsl2@blinklist.com,7954 Shasta Terrace,AFN,Automotive,10
760,Danya,Inkpin,dinkpinl3@artisteer.com,18 Crowley Pass,IDR,Shoes,2
761,Binny,Brownsell,bbrownselll4@amazon.de,8411 Pond Avenue,RUB,Automotive,6
762,Rochell,Morley,rmorleyl5@ocn.ne.jp,81330 Warner Street,RUB,Automotive,10
763,Trudie,Royson,troysonl6@toplist.cz,5 Montana Drive,EUR,Home,9
764,Tammie,Sherrett,tsherrettl7@bbb.org,6 Oakridge Plaza,RUB,Movies,5
765,Roth,Coraini,rcorainil8@squidoo.com,1745 Starling Way,PKR,Computers,10
766,Norrie,Ovett,novettl9@reverbnation.com,25 Hallows Lane,THB,Toys,10
767,Milly,Troucher,mtroucherla@japanpost.jp,6562 Rockefeller Street,RUB,Tools,7
768,Veradis,Slyvester,vslyvesterlb@freewebs.com,2 Novick Terrace,BWP,Baby,1
769,Shelton,Doveston,sdovestonlc@oaic.gov.au,117 Shasta Trail,IDR,Toys,5
770,Trudy,Zammett,tzammettld@vinaora.com,3072 Eagle Crest Circle,JPY,Beauty,9
771,Caril,Foukx,cfoukxle@irs.gov,02602 Artisan Circle,MZN,Tools,5
772,Mariette,Luttgert,mluttgertlf@devhub.com,2 Buhler Trail,CAD,Jewelry,8
773,Doralyn,Pullin,dpullinlg@tamu.edu,3897 Westerfield Court,CAD,Clothing,2
774,Jo,Oxbrough,joxbroughlh@abc.net.au,85603 Waxwing Road,LRD,Beauty,9
775,Shanie,Beden,sbedenli@trellian.com,53182 Mifflin Park,VND,Kids,2
776,Matteo,Bennis,mbennislj@accuweather.com,6 Esch Point,THB,Jewelry,3
777,Alika,Bamb,abamblk@blogger.com,3161 Park Meadow Way,RUB,Shoes,10
778,Delia,Kobiela,dkobielall@elpais.com,43 Bluejay Hill,RUB,Music,2
779,Rivkah,Spacy,rspacylm@yandex.ru,72249 Eastwood Junction,IDR,Industrial,1
780,Clotilda,Luscombe,cluscombeln@admin.ch,63042 Mallard Crossing,SEK,Shoes,7
781,Cacilia,Petracci,cpetraccilo@feedburner.com,654 Dapin Road,IDR,Garden,6
782,Ingar,Marten,imartenlp@google.com.au,56264 Green Ridge Park,RUB,Health,4
783,Antone,Duester,aduesterlq@mashable.com,77 Charing Cross Avenue,EUR,Movies,1
784,Ricca,Gouly,rgoulylr@miibeian.gov.cn,928 American Ash Park,BRL,Tools,7
785,Guthrie,Kiln,gkilnls@goodreads.com,9 La Follette Lane,CLP,Sports,9
786,Clarine,Wicklen,cwicklenlt@networkadvertising.org,7374 Buhler Hill,IDR,Electronics,6
787,Friederike,Kunc,fkunclu@buzzfeed.com,03 Killdeer Street,CNY,Grocery,3
788,Abbie,Struthers,astrutherslv@springer.com,93095 Lien Parkway,PHP,Tools,5
789,Franklin,Thunderman,fthundermanlw@earthlink.net,9 Red Cloud Drive,PLN,Sports,8
790,Dreddy,Belmont,dbelmontlx@businesswire.com,0 American Ash Hill,MDL,Toys,3
791,Gerhard,Niblock,gniblockly@wix.com,27084 Bunker Hill Pass,USD,Music,3
792,Dorry,Chippendale,dchippendalelz@mysql.com,395 Hooker Court,USD,Baby,3
793,Dixie,Puckrin,dpuckrinm0@illinois.edu,6 Steensland Alley,IDR,Baby,2
794,Lulita,Walklett,lwalklettm1@netlog.com,9 Kings Place,SEK,Health,2
795,Vasilis,Drillingcourt,vdrillingcourtm2@ox.ac.uk,071 Comanche Court,MYR,Tools,9
796,Ware,Eppson,weppsonm3@cafepress.com,2390 Steensland Hill,EUR,Outdoors,4
797,Amii,Mullane,amullanem4@cornell.edu,353 Doe Crossing Terrace,BRL,Home,9
798,Steffane,St Clair,sstclairm5@microsoft.com,89 Mosinee Point,CNY,Home,6
799,Emory,Jowsey,ejowseym6@hubpages.com,0118 Starling Terrace,PHP,Grocery,5
800,Marvin,Mapham,mmaphamm7@trellian.com,9 Sundown Avenue,NPR,Books,9
801,Farica,Somerton,fsomertonm8@huffingtonpost.com,1 Coleman Lane,COP,Books,2
802,Baillie,Schaumann,bschaumannm9@zdnet.com,2 Village Junction,EUR,Toys,10
803,Yuri,Battye,ybattyema@house.gov,757 Becker Place,NOK,Baby,7
804,Lindon,Delacourt,ldelacourtmb@house.gov,4090 Roth Alley,USD,Clothing,7
805,Lesya,Goulbourn,lgoulbournmc@etsy.com,7954 Corscot Trail,CNY,Outdoors,6
806,Dorothy,McGinny,dmcginnymd@joomla.org,21325 Comanche Pass,BRL,Beauty,4
807,Edlin,Klassman,eklassmanme@loc.gov,55 Evergreen Circle,ALL,Books,7
808,Anson,Crat,acratmf@goo.ne.jp,72751 Ryan Pass,CZK,Garden,3
809,Barny,Dinkin,bdinkinmg@miibeian.gov.cn,8457 Bartelt Road,IDR,Grocery,5
810,Pansie,Mc Carrick,pmccarrickmh@japanpost.jp,1698 Pearson Center,SEK,Jewelry,6
811,Cirilo,Servis,cservismi@51.la,38 American Ash Junction,CNY,Automotive,4
812,Annabella,Wigglesworth,awigglesworthmj@cloudflare.com,5543 Hudson Alley,PLN,Health,5
813,Francyne,Frantzen,ffrantzenmk@cbc.ca,9 Miller Circle,MWK,Games,2
814,Florina,Huthart,fhuthartml@zdnet.com,16 Maple Drive,HTG,Toys,3
815,Northrop,Flury,nflurymm@constantcontact.com,376 Crowley Pass,BYR,Tools,1
816,Ker,Deeprose,kdeeprosemn@wikispaces.com,9 Surrey Junction,USD,Outdoors,1
817,Gilli,Averies,gaveriesmo@ezinearticles.com,315 Loftsgordon Pass,VND,Garden,2
818,Amalea,Lempke,alempkemp@t-online.de,28663 Transport Pass,ZAR,Sports,6
819,Hana,Ive,hivemq@dyndns.org,2465 Dwight Point,PLN,Home,2
820,Edan,Unthank,eunthankmr@bbb.org,2 Sullivan Lane,PHP,Toys,3
821,Robbi,Cordero,rcorderoms@npr.org,0 Oxford Park,EUR,Outdoors,7
822,Hewett,Swinglehurst,hswinglehurstmt@blogtalkradio.com,52 Thompson Circle,PHP,Outdoors,9
823,Rona,Lewington,rlewingtonmu@ucla.edu,6084 Express Hill,XAF,Books,3
824,Tiffy,Szimon,tszimonmv@a8.net,210 Elgar Point,BWP,Home,6
825,Agneta,Jorin,ajorinmw@delicious.com,58 Ilene Trail,AMD,Health,4
826,Emmalyn,Jockle,ejocklemx@wisc.edu,7 Mcguire Place,ZAR,Clothing,8
827,Kailey,Whifen,kwhifenmy@ocn.ne.jp,091 Tennessee Center,EUR,Clothing,6
828,Jamesy,Rishworth,jrishworthmz@hibu.com,23097 Shoshone Trail,UAH,Music,1
829,Hetty,MacCague,hmaccaguen0@usda.gov,9928 Rigney Junction,EUR,Games,6
830,Ric,Mackneis,rmackneisn1@about.me,841 Merchant Park,BRL,Health,9
831,Modestine,MacCallester,mmaccallestern2@quantcast.com,56 Ridge Oak Plaza,PLN,Computers,10
832,Schuyler,Treadwell,streadwelln3@instagram.com,2 Grim Plaza,BRL,Garden,9
833,Verge,Gentery,vgenteryn4@nih.gov,1515 Tennyson Way,XAF,Music,5
834,Ophelie,Howsden,ohowsdenn5@163.com,1 Blackbird Terrace,VEF,Toys,3
835,Annabelle,Gratrix,agratrixn6@washington.edu,1 Becker Park,CNY,Computers,9
836,Weston,Bilbee,wbilbeen7@sciencedirect.com,34805 Daystar Crossing,CNY,Garden,9
837,Rory,Duncan,rduncann8@dmoz.org,11 Hintze Drive,EUR,Industrial,6
838,Gregg,Broose,gbroosen9@walmart.com,3 Farragut Pass,LAK,Garden,10
839,Perice,Fellow,pfellowna@live.com,08643 Scofield Court,JPY,Books,5
840,Irma,Pimmocke,ipimmockenb@hubpages.com,5368 Oak Drive,MYR,Kids,10
841,Janey,Crepin,jcrepinnc@twitpic.com,230 Anzinger Park,CNY,Grocery,2
842,Chelsae,Morena,cmorenand@mysql.com,7088 La Follette Alley,CNY,Tools,4
843,Emelita,McPolin,emcpolinne@ehow.com,3 Bunker Hill Place,JPY,Games,2
844,Becki,Fosten,bfostennf@dmoz.org,2758 Westerfield Trail,XOF,Electronics,4
845,Regen,Jaime,rjaimeng@friendfeed.com,4672 Hooker Drive,GEL,Electronics,8
846,Kimmi,McKniely,kmcknielynh@simplemachines.org,15 Clemons Junction,BRL,Grocery,2
847,Deeanne,Allward,dallwardni@independent.co.uk,041 Claremont Parkway,CNY,Shoes,8
848,Hurlee,Clayborn,hclaybornnj@techcrunch.com,99 Pennsylvania Terrace,ALL,Electronics,5
849,Bendicty,Waleran,bwalerannk@admin.ch,388 Schiller Junction,IDR,Industrial,8
850,Lisabeth,Tomkiss,ltomkissnl@princeton.edu,478 Armistice Park,EUR,Home,8
851,Kristel,Harroll,kharrollnm@wufoo.com,0834 Maywood Lane,RWF,Toys,8
852,Nate,Raynor,nraynornn@arizona.edu,707 Annamark Court,RUB,Music,10
853,Elena,Harsnep,eharsnepno@hp.com,8492 Old Gate Place,PLN,Sports,4
854,Avictor,Kless,aklessnp@un.org,5093 1st Plaza,EUR,Computers,1
855,Whitby,McGrae,wmcgraenq@uol.com.br,0 Heath Street,PHP,Jewelry,3
856,Marinna,Wye,mwyenr@nba.com,80 Havey Avenue,MXN,Movies,7
857,Rosabel,Gyngyll,rgyngyllns@cocolog-nifty.com,12412 Dakota Parkway,RUB,Home,5
858,Burl,De Rechter,bderechternt@shutterfly.com,0745 Merry Terrace,RUB,Outdoors,3
859,Allan,Szimoni,aszimoninu@clickbank.net,379 Onsgard Hill,CNY,Home,2
860,Jourdain,Cabral,jcabralnv@unesco.org,6744 Sheridan Circle,HNL,Toys,2
861,Andie,Estevez,aesteveznw@storify.com,2 Norway Maple Parkway,RUB,Automotive,3
862,Brina,Benley,bbenleynx@mapquest.com,6 Petterle Lane,UYU,Movies,9
863,Gaby,McIlraith,gmcilraithny@yellowpages.com,70743 Springview Avenue,PHP,Baby,8
864,Lanna,Keller,lkellernz@prlog.org,58450 Dakota Circle,PHP,Industrial,10
865,Raddie,Crosen,rcroseno0@reddit.com,49 Dakota Pass,RUB,Clothing,10
866,Aurilia,Gherardini,agherardinio1@army.mil,7 Vidon Hill,PLN,Home,8
867,Jourdain,Hayles,jhayleso2@linkedin.com,90 Waywood Drive,IDR,Shoes,9
868,Aurthur,Bramble,abrambleo3@chron.com,42144 Straubel Place,SYP,Kids,6
869,Brannon,Jefferson,bjeffersono4@senate.gov,359 Scott Trail,DKK,Outdoors,9
870,Pierette,Elphinston,pelphinstono5@usda.gov,68009 Stephen Avenue,ILS,Jewelry,8
871,Morgen,Melody,mmelodyo6@whitehouse.gov,47 Daystar Junction,SEK,Outdoors,8
872,Brant,MacCall,bmaccallo7@dropbox.com,112 Colorado Street,BRL,Movies,4
873,Bamby,Brech,bbrecho8@google.pl,5 Nova Plaza,XAF,Tools,6
874,Saree,Maysor,smaysoro9@hubpages.com,64428 Magdeline Lane,BAM,Clothing,3
875,Zackariah,Ferenczi,zferenczioa@technorati.com,9 Pond Hill,IDR,Automotive,8
876,Fabiano,Muddimer,fmuddimerob@histats.com,418 Pennsylvania Point,IDR,Electronics,5
877,Urban,Larratt,ularrattoc@hhs.gov,25 Hansons Terrace,EUR,Health,2
878,Charmian,Sinkinson,csinkinsonod@liveinternet.ru,1 Graceland Plaza,EUR,Garden,4
879,Rebe,Sharrock,rsharrockoe@drupal.org,420 Lien Drive,IDR,Music,7
880,Dosi,Wignall,dwignallof@plala.or.jp,3 Independence Way,BRL,Music,7
881,Nial,Michieli,nmichieliog@hexun.com,496 Oriole Avenue,EUR,Computers,2
882,Gabbi,Queripel,gqueripeloh@sina.com.cn,40 Vera Park,CNY,Jewelry,1
883,Lacie,Kreutzer,lkreutzeroi@quantcast.com,9114 Lillian Avenue,CNY,Computers,4
884,King,Bill,kbilloj@si.edu,2 Vernon Street,CZK,Toys,7
885,Emmett,Eicke,eeickeok@squidoo.com,0 Westend Hill,IDR,Shoes,10
886,Jose,Etherson,jethersonol@joomla.org,514 Upham Trail,AOA,Health,9
887,Erminie,Limbert,elimbertom@ft.com,031 Acker Terrace,CNY,Baby,5
888,Torey,Slora,tsloraon@google.pl,3613 Riverside Center,CNY,Baby,8
889,Izzy,Paszak,ipaszakoo@virginia.edu,78360 Del Sol Crossing,ARS,Jewelry,3
890,Merwyn,Selwyne,mselwyneop@mlb.com,7369 South Hill,CNY,Jewelry,8
891,Farlie,Hultberg,fhultbergoq@nba.com,7186 Stone Corner Drive,PHP,Clothing,6
892,Frazier,Tolliday,ftollidayor@google.es,05220 Pennsylvania Terrace,MYR,Garden,4
893,Stacy,Farlam,sfarlamos@domainmarket.com,161 Clemons Parkway,SEK,Books,8
894,Lew,Pitherick,lpitherickot@multiply.com,1881 Heath Place,PHP,Music,10
895,Hiram,Gladwin,hgladwinou@stumbleupon.com,9920 Lakeland Lane,SEK,Shoes,1
896,Thornton,Hanaby,thanabyov@sfgate.com,2 Heffernan Lane,XCD,Kids,7
897,Vannie,Lissenden,vlissendenow@phoca.cz,3 Bashford Street,RUB,Automotive,6
898,Pauline,Inde,pindeox@hostgator.com,24450 Declaration Terrace,RSD,Books,10
899,Yuma,Chasson,ychassonoy@amazon.co.jp,45244 Golf Course Way,CNY,Home,4
900,Jenelle,Bergstrand,jbergstrandoz@jimdo.com,026 Tony Terrace,CNY,Jewelry,3
901,Bary,Sloan,bsloanp0@linkedin.com,5 Ridge Oak Street,PHP,Health,5
902,Bridie,Stears,bstearsp1@washingtonpost.com,29346 Crest Line Lane,BRL,Automotive,5
903,Frankie,Tocknell,ftocknellp2@technorati.com,18049 Acker Lane,MAD,Beauty,6
904,Phillis,Paulot,ppaulotp3@creativecommons.org,80 Clove Terrace,JPY,Movies,10
905,Janaya,Chattoe,jchattoep4@cornell.edu,28157 Mosinee Center,MMK,Music,3
906,Rosie,Morrissey,rmorrisseyp5@redcross.org,8 Parkside Avenue,RUB,Garden,7
907,Amy,Grave,agravep6@qq.com,206 Havey Hill,CNY,Games,9
908,Beaufort,Farlowe,bfarlowep7@mozilla.com,61 Lawn Hill,CNY,Beauty,3
909,Bartlet,Nitti,bnittip8@biglobe.ne.jp,9 Larry Center,EUR,Grocery,3
910,Bambi,Medley,bmedleyp9@squidoo.com,11 Northland Way,ARS,Sports,2
911,Teddie,Ziemke,tziemkepa@acquirethisname.com,8 Porter Plaza,CNY,Tools,1
912,Eada,Pritty,eprittypb@fastcompany.com,971 Hooker Center,USD,Movies,9
913,Tuckie,Finnie,tfinniepc@patch.com,33742 Oxford Point,IDR,Sports,1
914,Norry,Rubinlicht,nrubinlichtpd@ibm.com,3 Welch Court,UAH,Books,8
915,Nicko,Aveyard,naveyardpe@desdev.cn,76 Messerschmidt Plaza,CNY,Grocery,9
916,Marris,Kennaird,mkennairdpf@comsenz.com,51200 Bluejay Road,CNY,Beauty,2
917,Yetta,Aslie,yasliepg@creativecommons.org,3 Washington Park,BRL,Outdoors,9
918,Matthus,Sheerin,msheerinph@amazon.com,55 Sycamore Place,IDR,Computers,3
919,Lamond,Bartczak,lbartczakpi@simplemachines.org,2555 Steensland Crossing,CAD,Automotive,5
920,Elizabet,Bultitude,ebultitudepj@facebook.com,55693 Portage Point,PLN,Automotive,6
921,Allyson,Crysell,acrysellpk@engadget.com,4774 Fallview Way,EUR,Jewelry,9
922,Lief,Thoresbie,lthoresbiepl@amazon.com,69737 Jackson Pass,CNY,Games,6
923,Avrom,Baldack,abaldackpm@biglobe.ne.jp,86 Dovetail Hill,CNY,Clothing,2
924,Giulietta,Sterman,gstermanpn@github.com,07662 Fremont Road,XOF,Outdoors,5
925,Nessie,McRorie,nmcroriepo@acquirethisname.com,68392 Linden Crossing,EUR,Sports,10
926,Solly,Jakoub,sjakoubpp@narod.ru,5948 Sutherland Trail,PHP,Outdoors,1
927,Mickie,Piggott,mpiggottpq@wp.com,8144 Blaine Lane,JPY,Toys,5
928,Judi,Scholtz,jscholtzpr@zimbio.com,7556 Eastwood Trail,HUF,Home,9
929,Amber,Standering,astanderingps@springer.com,1290 Logan Plaza,COP,Health,10
930,Flore,Lorkin,florkinpt@networkadvertising.org,36 Merry Circle,THB,Shoes,8
931,Dniren,Newlove,dnewlovepu@t.co,48 Sycamore Parkway,PHP,Electronics,5
932,Bobbe,Coultass,bcoultasspv@vk.com,9204 Village Park,PHP,Tools,6
933,Caresa,Eacle,ceaclepw@msn.com,527 Darwin Center,CNY,Music,9
934,Pammi,Asche,paschepx@nhs.uk,6 Melby Place,CNY,Garden,7
935,Franni,Franzoli,ffranzolipy@foxnews.com,59127 Mockingbird Terrace,COP,Electronics,2
936,Yehudit,Fishley,yfishleypz@stanford.edu,87 Eagle Crest Circle,USD,Music,1
937,Sayres,Kleehuhler,skleehuhlerq0@vkontakte.ru,93486 Marquette Circle,BRL,Baby,7
938,Stacia,Goodhand,sgoodhandq1@unicef.org,326 Pankratz Park,IDR,Kids,3
939,Marrissa,Ceci,mceciq2@google.ru,5 Eastwood Alley,NPR,Industrial,3
940,Juanita,Kinker,jkinkerq3@artisteer.com,536 Monica Junction,CNY,Home,3
941,Tremayne,Rumbelow,trumbelowq4@jigsy.com,3291 Raven Alley,EUR,Automotive,5
942,Mindy,Koppens,mkoppensq5@un.org,1931 Algoma Place,XAF,Home,1
943,Merci,Python,mpythonq6@answers.com,50393 Leroy Hill,BRL,Sports,6
944,Rodrigo,Hannond,rhannondq7@yahoo.co.jp,8 Schiller Place,SEK,Toys,5
945,Reinold,Farron,rfarronq8@technorati.com,7 Messerschmidt Drive,JPY,Movies,2
946,Konstanze,Kerfut,kkerfutq9@opera.com,39358 Dovetail Place,CNY,Garden,8
947,Enrico,McCotter,emccotterqa@163.com,50986 Prentice Avenue,MYR,Clothing,7
948,Electra,Luckcuck,eluckcuckqb@utexas.edu,49944 Anthes Junction,VND,Outdoors,7
949,Liesa,Faragher,lfaragherqc@wiley.com,8066 Helena Point,SEK,Electronics,2
950,Darryl,Romi,dromiqd@rakuten.co.jp,52713 Sutherland Court,PHP,Music,6
951,Pearla,Brennon,pbrennonqe@cyberchimps.com,753 Lindbergh Plaza,EUR,Electronics,6
952,Ellery,Shirer,eshirerqf@privacy.gov.au,54785 Lindbergh Pass,BGN,Tools,3
953,Elmo,Catto,ecattoqg@plala.or.jp,284 Anzinger Pass,IDR,Jewelry,5
954,Maximilien,Huleatt,mhuleattqh@economist.com,8 Scoville Drive,IDR,Electronics,6
955,Blane,Bushe,bbusheqi@buzzfeed.com,92749 Derek Street,RUB,Tools,7
956,Heidie,Mowett,hmowettqj@acquirethisname.com,5844 Kensington Avenue,IDR,Jewelry,4
957,Joell,Cholomin,jcholominqk@time.com,15 Thackeray Avenue,SYP,Electronics,1
958,Orazio,Stebbing,ostebbingql@bandcamp.com,3 6th Avenue,OMR,Electronics,3
959,Annmarie,McGerraghty,amcgerraghtyqm@pcworld.com,76336 Pine View Crossing,UAH,Grocery,2
960,Kellsie,Doogood,kdoogoodqn@macromedia.com,501 Novick Alley,RUB,Tools,5
961,Antone,Pinke,apinkeqo@sohu.com,5 Pearson Plaza,PEN,Clothing,1
962,Ely,Winkett,ewinkettqp@mozilla.org,03918 Sherman Circle,NGN,Tools,9
963,Clemens,Albarez,calbarezqq@linkedin.com,91 Stuart Place,EUR,Automotive,1
964,Zacherie,Jellman,zjellmanqr@mapy.cz,7170 Anderson Point,ARS,Toys,4
965,Celinda,Bein,cbeinqs@nymag.com,9 Corscot Terrace,CZK,Tools,3
966,Even,Dyment,edymentqt@disqus.com,746 Prentice Place,ARS,Games,7
967,Germain,Milsom,gmilsomqu@examiner.com,3213 Lawn Avenue,EUR,Clothing,9
968,Reed,Georges,rgeorgesqv@qq.com,153 Kim Parkway,CNY,Tools,7
969,Emmit,Cohn,ecohnqw@mashable.com,60918 Almo Place,EUR,Shoes,9
970,Patty,Barthod,pbarthodqx@admin.ch,74619 Old Gate Avenue,ALL,Grocery,6
971,Robbie,Rickman,rrickmanqy@trellian.com,82 Sauthoff Parkway,RSD,Beauty,7
972,Lenka,Bocking,lbockingqz@chron.com,1 Lakewood Gardens Place,ILS,Computers,8
973,Oneida,Le Hucquet,olehucquetr0@guardian.co.uk,78 Sauthoff Place,EUR,Games,10
974,Lev,Tilbrook,ltilbrookr1@intel.com,006 1st Trail,IDR,Tools,5
975,Ruy,Alderson,raldersonr2@omniture.com,55 Moulton Street,CNY,Automotive,7
976,Basil,Fawthrop,bfawthropr3@cnet.com,9 Crowley Terrace,UAH,Garden,2
977,Rudy,Aylward,raylwardr4@joomla.org,442 Pierstorff Circle,CNY,Home,8
978,Jeremias,Kubiczek,jkubiczekr5@alexa.com,220 Derek Trail,TND,Baby,10
979,Ivy,Olekhov,iolekhovr6@last.fm,09 Manufacturers Lane,SEK,Industrial,8
980,Blancha,McCullen,bmccullenr7@mapquest.com,3 Green Ridge Drive,CNY,Movies,2
981,Pembroke,Petrashkov,ppetrashkovr8@paginegialle.it,765 Meadow Ridge Drive,CNY,Beauty,10
982,Bren,Kerrigan,bkerriganr9@scientificamerican.com,0 Center Plaza,IDR,Movies,6
983,Aharon,Kemmish,akemmishra@chronoengine.com,7567 Pankratz Circle,CNY,Garden,9
984,Rourke,Ouldcott,rouldcottrb@paypal.com,2 Sachs Place,MXN,Industrial,9
985,Cletus,Smoote,csmooterc@army.mil,9308 Myrtle Circle,BRL,Games,3
986,Rudolf,Dobbs,rdobbsrd@timesonline.co.uk,96 Eagle Crest Junction,CNY,Sports,8
987,Jakob,Ruston,jrustonre@berkeley.edu,0102 Vahlen Road,CAD,Industrial,1
988,Aurea,Fowls,afowlsrf@army.mil,27705 Summerview Street,USD,Outdoors,8
989,Violetta,Aldersea,valdersearg@example.com,2374 Hooker Crossing,CNY,Games,7
990,Bart,Vannah,bvannahrh@toplist.cz,4 Continental Court,RUB,Home,2
991,Ava,Ottawell,aottawellri@topsy.com,0915 Stoughton Center,EUR,Jewelry,8
992,Zabrina,Hanham,zhanhamrj@sogou.com,255 Jenna Drive,ARS,Sports,2
993,Ferdinande,Bewshire,fbewshirerk@e-recht24.de,14 Corscot Drive,KZT,Shoes,2
994,Marybelle,Radbourn,mradbournrl@si.edu,4 Delaware Parkway,IDR,Movies,1
995,Uta,Jamieson,ujamiesonrm@accuweather.com,97177 Reinke Pass,IDR,Grocery,5
996,Frasier,Hadny,fhadnyrn@jiathis.com,2370 Bartelt Lane,IDR,Games,6
997,Sammie,Kernaghan,skernaghanro@paypal.com,6 Messerschmidt Center,PAB,Sports,3
998,Addie,Priddey,apriddeyrp@ucoz.ru,47 Carioca Crossing,IDR,Baby,9
999,Vachel,Forrest,vforrestrq@hatena.ne.jp,1 South Court,BRL,Beauty,1
1000,Kath,Heningham,kheninghamrr@people.com.cn,178 Northview Center,AOA,Clothing,1
